"slug","name","season"
"davisan02","Anthony Davis","2015"
"hardeja01","James Harden","2015"
"ellismo01","Monta Ellis","2015"
"vucevni01","Nikola Vucevic","2015"
"parketo01","Tony Parker","2015"
"asikom01","Omer Asik","2015"
"boozeca01","Carlos Boozer","2015"
"joneste01","Terrence Jones","2015"
"nowitdi01","Dirk Nowitzki","2015"
"harrito02","Tobias Harris","2015"
"ginobma01","Manu Ginobili","2015"
"harride01","Devin Harris","2015"
"anderry01","Ryan Anderson","2015"
"duncati01","Tim Duncan","2015"
"belinma01","Marco Belinelli","2015"
"arizatr01","Trevor Ariza","2015"
"davised01","Ed Davis","2015"
"evansty01","Tyreke Evans","2015"
"howardw01","Dwight Howard","2015"
"bryanko01","Kobe Bryant","2015"
"nelsoja01","Jameer Nelson","2015"
"greenda02","Danny Green","2015"
"chandty01","Tyson Chandler","2015"
"wrighbr03","Brandan Wright","2015"
"josepco01","Cory Joseph","2015"
"beverpa01","Patrick Beverley","2015"
"gordoaa01","Aaron Gordon","2015"
"holidjr01","Jrue Holiday","2015"
"riverau01","Austin Rivers","2015"
"clarkjo01","Jordan Clarkson","2015"
"terryja01","Jason Terry","2015"
"hilljo01","Jordan Hill","2015"
"diawbo01","Boris Diaw","2015"
"gordoer01","Eric Gordon","2015"
"jefferi01","Richard Jefferson","2015"
"oquinky01","Kyle O'Quinn","2015"
"paytoel01","Elfrid Payton","2015"
"pricero01","Ronnie Price","2015"
"papanko01","Kostas Papanikolaou","2015"
"linje01","Jeremy Lin","2015"
"crowdja01","Jae Crowder","2015"
"dedmode01","Dewayne Dedmon","2015"
"marblde01","Devyn Marble","2015"
"fournev01","Evan Fournier","2015"
"motiedo01","Donatas Motiejunas","2015"
"johnswe01","Wesley Johnson","2015"
"henryxa01","Xavier Henry","2015"
"parsoch01","Chandler Parsons","2015"
"baynear01","Aron Baynes","2015"
"ajincal01","Alexis Ajinca","2015"
"canaais01","Isaiah Canaan","2015"
"salmojo01","John Salmons","2015"
"greenwi01","Willie Green","2015"
"gordobe01","Ben Gordon","2015"
"babbilu01","Luke Babbitt","2015"
"blackta01","Tarik Black","2015"
"smithgr02","Greg Smith","2015"
"witheje01","Jeff Withey","2015"
"sacrero01","Robert Sacre","2015"
"fredeji01","Jimmer Fredette","2015"
"ridnolu01","Luke Ridnour","2015"
"aminual01","Al-Farouq Aminu","2015"
"randlju01","Julius Randle","2015"
"bonnema01","Matt Bonner","2015"
"danietr01","Troy Daniels","2015"
"gasolma01","Marc Gasol","2015"
"westbru01","Russell Westbrook","2015"
"boshch01","Chris Bosh","2015"
"gibsota01","Taj Gibson","2015"
"youngth01","Thaddeus Young","2015"
"hibbero01","Roy Hibbert","2015"
"farieke01","Kenneth Faried","2015"
"curryst01","Stephen Curry","2015"
"randoza01","Zach Randolph","2015"
"aldrila01","LaMarcus Aldridge","2015"
"bledser01","Eric Bledsoe","2015"
"gasolpa01","Pau Gasol","2015"
"knighbr03","Brandon Knight","2015"
"matthwe02","Wesley Matthews","2015"
"kiddgmi01","Michael Kidd-Gilchrist","2015"
"favorde01","Derrick Favors","2015"
"thomais02","Isaiah Thomas","2015"
"teletmi01","Mirza Teletovic","2015"
"wroteto01","Tony Wroten","2015"
"korveky01","Kyle Korver","2015"
"piercpa01","Paul Pierce","2015"
"teaguje01","Jeff Teague","2015"
"willima02","Marvin Williams","2015"
"valanjo01","Jonas Valanciunas","2015"
"johnsam01","Amir Johnson","2015"
"walkeke02","Kemba Walker","2015"
"rondora01","Rajon Rondo","2015"
"lowryky01","Kyle Lowry","2015"
"collida01","Darren Collison","2015"
"olynyke01","Kelly Olynyk","2015"
"greenje02","Jeff Green","2015"
"shvedal01","Alexey Shved","2015"
"coleno01","Norris Cole","2015"
"morrima03","Marcus Morris","2015"
"willide01","Deron Williams","2015"
"brookaa01","Aaron Brooks","2015"
"wadedw01","Dwyane Wade","2015"
"stuckro01","Rodney Stuckey","2015"
"scottmi01","Mike Scott","2015"
"batumni01","Nicolas Batum","2015"
"dragigo01","Goran Dragic","2015"
"smithjo03","Josh Smith","2015"
"mayooj01","O.J. Mayo","2015"
"willima01","Mo Williams","2015"
"burksal01","Alec Burks","2015"
"horfoal01","Al Horford","2015"
"sloando01","Donald Sloan","2015"
"walljo01","John Wall","2015"
"gortama01","Marcin Gortat","2015"
"thompkl01","Klay Thompson","2015"
"goodedr01","Drew Gooden","2015"
"anderch01","Chris Andersen","2015"
"conlemi01","Mike Conley","2015"
"jeffeal01","Al Jefferson","2015"
"lopezro01","Robin Lopez","2015"
"smartma01","Marcus Smart","2015"
"thomala01","Lance Thomas","2015"
"rosede01","Derrick Rose","2015"
"rosste01","Terrence Ross","2015"
"porteot01","Otto Porter","2015"
"muhamsh01","Shabazz Muhammad","2015"
"stoudam01","Amar'e Stoudemire","2015"
"derozde01","DeMar DeRozan","2015"
"sullija01","Jared Sullinger","2015"
"mcderdo01","Doug McDermott","2015"
"ellinwa01","Wayne Ellington","2015"
"leeco01","Courtney Lee","2015"
"speigma01","Marreese Speights","2015"
"booketr01","Trevor Booker","2015"
"dienggo01","Gorgui Dieng","2015"
"johnsjo02","Joe Johnson","2015"
"augusdj01","D.J. Augustin","2015"
"sandela01","Larry Sanders","2015"
"mozgoti01","Timofey Mozgov","2015"
"antetgi01","Giannis Antetokounmpo","2015"
"morrima02","Markieff Morris","2015"
"plumlmi01","Miles Plumlee","2015"
"haywago01","Gordon Hayward","2015"
"greendr01","Draymond Green","2015"
"daviebr01","Brandon Davies","2015"
"jackja01","Jarrett Jack","2015"
"kamanch01","Chris Kaman","2015"
"pattepa01","Patrick Patterson","2015"
"turneev01","Evan Turner","2015"
"drumman01","Andre Drummond","2015"
"anthoca01","Carmelo Anthony","2015"
"denglu01","Luol Deng","2015"
"millspa01","Paul Millsap","2015"
"middlkh01","Khris Middleton","2015"
"perkike01","Kendrick Perkins","2015"
"allenla01","Lavoy Allen","2015"
"couside01","DeMarcus Cousins","2015"
"landrca01","Carl Landry","2015"
"vasqugr01","Greivis Vasquez","2015"
"afflaar01","Arron Afflalo","2015"
"thornma01","Marcus Thornton","2015"
"jeffeco01","Cory Jefferson","2015"
"adamsst01","Steven Adams","2015"
"dalemsa01","Samuel Dalembert","2015"
"thompho01","Hollis Thompson","2015"
"burketr01","Trey Burke","2015"
"allento01","Tony Allen","2015"
"zelleco01","Cody Zeller","2015"
"lillada01","Damian Lillard","2015"
"prigipa01","Pablo Prigioni","2015"
"stephla01","Lance Stephenson","2015"
"carrode01","DeMarre Carroll","2015"
"johnsch04","Chris Johnson","2015"
"gayru01","Rudy Gay","2015"
"ilyaser01","Ersan Ilyasova","2015"
"dudleja01","Jared Dudley","2015"
"copelch01","Chris Copeland","2015"
"bradlav01","Avery Bradley","2015"
"scolalu01","Luis Scola","2015"
"garneke01","Kevin Garnett","2015"
"larkish01","Shane Larkin","2015"
"rubiori01","Ricky Rubio","2015"
"bassbr01","Brandon Bass","2015"
"parkeja01","Jabari Parker","2015"
"roberan03","Andre Roberson","2015"
"bogutan01","Andrew Bogut","2015"
"mirotni01","Nikola Mirotic","2015"
"tollian01","Anthony Tolliver","2015"
"zellety01","Tyler Zeller","2015"
"hansbty01","Tyler Hansbrough","2015"
"hillso01","Solomon Hill","2015"
"mahinia01","Ian Mahinmi","2015"
"hensojo01","John Henson","2015"
"hinriki01","Kirk Hinrich","2015"
"roberbr01","Brian Roberts","2015"
"milescj01","C.J. Miles","2015"
"chandwi01","Wilson Chandler","2015"
"exumda01","Dante Exum","2015"
"gallida01","Danilo Gallinari","2015"
"aldrico01","Cole Aldrich","2015"
"chalmma01","Mario Chalmers","2015"
"simshe01","Henry Sims","2015"
"templga01","Garrett Temple","2015"
"barneha02","Harrison Barnes","2015"
"ibakase01","Serge Ibaka","2015"
"foyera01","Randy Foye","2015"
"jerebjo01","Jonas Jerebko","2015"
"napiesh01","Shabazz Napier","2015"
"shumpim01","Iman Shumpert","2015"
"hoodro01","Rodney Hood","2015"
"smithjr01","J.R. Smith","2015"
"willilo02","Lou Williams","2015"
"noahjo01","Joakim Noah","2015"
"acyqu01","Quincy Acy","2015"
"kanteen01","Enes Kanter","2015"
"wiggian01","Andrew Wiggins","2015"
"ennisja01","James Ennis","2015"
"kirilan01","Andrei Kirilenko","2015"
"crabbal01","Allen Crabbe","2015"
"bogdabo02","Bojan Bogdanovic","2015"
"nurkiju01","Jusuf Nurkic","2015"
"pondequ01","Quincy Pondexter","2015"
"bennean01","Anthony Bennett","2015"
"blakest01","Steve Blake","2015"
"plumlma01","Mason Plumlee","2015"
"thomama01","Malcolm Thomas","2015"
"ezelife01","Festus Ezeli","2015"
"johnsja01","James Johnson","2015"
"nealga01","Gary Neal","2015"
"bazemke01","Kent Bazemore","2015"
"geeal01","Alonzo Gee","2015"
"smithja02","Jason Smith","2015"
"bayleje01","Jerryd Bayless","2015"
"maxieja01","Jason Maxiell","2015"
"butlera01","Rasual Butler","2015"
"holliry01","Ryan Hollins","2015"
"randosh01","Shavlik Randolph","2015"
"singlky01","Kyle Singler","2015"
"collini01","Nick Collison","2015"
"anderal01","Alan Anderson","2015"
"goberru01","Rudy Gobert","2015"
"lenal01","Alex Len","2015"
"willish03","Shawne Williams","2015"
"breweco01","Corey Brewer","2015"
"jennibr01","Brandon Jennings","2015"
"robinna01","Nate Robinson","2015"
"robinth01","Thomas Robinson","2015"
"anthojo01","Joel Anthony","2015"
"holidju01","Justin Holiday","2015"
"stausni01","Nik Stauskas","2015"
"macksh01","Shelvin Mack","2015"
"mcgeeja01","JaVale McGee","2015"
"pachuza01","Zaza Pachulia","2015"
"casspom01","Omri Casspi","2015"
"willide02","Derrick Williams","2015"
"barbole01","Leandro Barbosa","2015"
"earlycl01","Cleanthony Early","2015"
"hardati02","Tim Hardaway","2015"
"pekovni01","Nikola Pekovic","2015"
"thompja02","Jason Thompson","2015"
"freeljo01","Joel Freeland","2015"
"noelne01","Nerlens Noel","2015"
"snellto01","Tony Snell","2015"
"ennisty01","Tyler Ennis","2015"
"mcdankj01","K.J. McDaniels","2015"
"bartowi01","Will Barton","2015"
"livinsh01","Shaun Livingston","2015"
"mccalra01","Ray McCallum","2015"
"cartevi01","Vince Carter","2015"
"evansre01","Reggie Evans","2015"
"iguodan01","Andre Iguodala","2015"
"karasse01","Sergey Karasev","2015"
"millean02","Andre Miller","2015"
"wrighdo01","Dorell Wright","2015"
"brandel01","Elton Brand","2015"
"dunlemi02","Mike Dunleavy","2015"
"schrode01","Dennis Schroder","2015"
"dinwisp01","Spencer Dinwiddie","2015"
"hendege02","Gerald Henderson","2015"
"udrihbe01","Beno Udrih","2015"
"arthuda01","Darrell Arthur","2015"
"kuzmiog01","Ognjen Kuzmic","2015"
"inglejo01","Joe Ingles","2015"
"koufoko01","Kosta Koufos","2015"
"mooreet01","E'Twaun Moore","2015"
"caldwke01","Kentavious Caldwell-Pope","2015"
"goodwar01","Archie Goodwin","2015"
"jordaje01","Jerome Jordan","2015"
"sefolth01","Thabo Sefolosha","2015"
"telfase01","Sebastian Telfair","2015"
"lawsoty01","Ty Lawson","2015"
"butleca01","Caron Butler","2015"
"serapke01","Kevin Seraphin","2015"
"budinch01","Chase Budinger","2015"
"leuerjo01","Jon Leuer","2015"
"bairsca01","Cameron Bairstow","2015"
"weartr01","Travis Wear","2015"
"rudezda01","Damjan Rudez","2015"
"greenge01","Gerald Green","2015"
"humphkr01","Kris Humphries","2015"
"jonespe01","Perry Jones","2015"
"sessira01","Ramon Sessions","2015"
"mccolcj01","CJ McCollum","2015"
"sampsja02","JaKarr Sampson","2015"
"mclembe01","Ben McLemore","2015"
"paulch01","Chris Paul","2015"
"irvinky01","Kyrie Irving","2015"
"loveke01","Kevin Love","2015"
"griffbl01","Blake Griffin","2015"
"hilarne01","Nene Hilario","2015"
"varejan01","Anderson Varejao","2015"
"jordade01","DeAndre Jordan","2015"
"crawfja01","Jamal Crawford","2015"
"martike02","Kevin Martin","2015"
"barnema02","Matt Barnes","2015"
"dellama01","Matthew Dellavedova","2015"
"farmajo01","Jordan Farmar","2015"
"novakst01","Steve Novak","2015"
"waitedi01","Dion Waiters","2015"
"bareajo01","J.J. Barea","2015"
"jamesle01","LeBron James","2015"
"thomptr01","Tristan Thompson","2015"
"clarkia01","Ian Clark","2015"
"hawessp01","Spencer Hawes","2015"
"ricegl02","Glen Rice","2015"
"mariosh01","Shawn Marion","2015"
"lavinza01","Zach LaVine","2015"
"millemi01","Mike Miller","2015"
"nichoan01","Andrew Nicholson","2015"
"douglch01","Chris Douglas-Roberts","2015"
"udohek01","Ekpe Udoh","2015"
"villach01","Charlie Villanueva","2015"
"fryech01","Channing Frye","2015"
"redicjj01","J.J. Redick","2015"
"mbahalu01","Luc Mbah a Moute","2015"
"leonaka01","Kawhi Leonard","2015"
"princta01","Tayshaun Prince","2015"
"dayeau01","Austin Daye","2015"
"turkohe01","Hedo Turkoglu","2015"
"pendeje02","Jeff Ayres","2015"
"woltena01","Nate Wolters","2015"
"harrijo01","Joe Harris","2015"
"marshke01","Kendall Marshall","2015"
"monrogr01","Greg Monroe","2015"
"butleji01","Jimmy Butler","2015"
"youngja01","James Young","2015"
"harklma01","Maurice Harkless","2015"
"hummero01","Robbie Hummel","2015"
"anticpe01","Pero Antic","2015"
"hamilju01","Justin Hamilton","2015"
"pressph01","Phil Pressey","2015"
"blairde01","DeJuan Blair","2015"
"fieldla01","Landry Fields","2015"
"johnsni01","Nick Johnson","2015"
"dorsejo01","Joey Dorsey","2015"
"dawkian01","Andre Dawkins","2015"
"mcrobjo01","Josh McRoberts","2015"
"brownsh01","Shannon Brown","2015"
"cunnija01","Jared Cunningham","2015"
"hayesch01","Chuck Hayes","2015"
"lopezbr01","Brook Lopez","2015"
"jacksre01","Reggie Jackson","2015"
"bullore01","Reggie Bullock","2015"
"gutiejo01","Jorge Gutierrez","2015"
"milleda01","Darius Miller","2015"
"adamsjo01","Jordan Adams","2015"
"wallage01","Gerald Wallace","2015"
"stiemgr01","Greg Stiemsma","2015"
"kirkal01","Alex Kirk","2015"
"hairspj02","P.J. Hairston","2015"
"tuckepj01","P.J. Tucker","2015"
"kellyry01","Ryan Kelly","2015"
"jonesja02","James Jones","2015"
"leoname01","Meyers Leonard","2015"
"haywobr01","Brendan Haywood","2015"
"smithru01","Russ Smith","2015"
"splitti01","Tiago Splitter","2015"
"leeda02","David Lee","2015"
"rushbr01","Brandon Rush","2015"
"anderky01","Kyle Anderson","2015"
"garcifr01","Francisco Garcia","2015"
"capelca01","Clint Capela","2015"
"lambje01","Jeremy Lamb","2015"
"greener01","Erick Green","2015"
"priceaj01","A.J. Price","2015"
"smithis01","Ish Smith","2015"
"cherrwi01","Will Cherry","2015"
"evansje01","Jeremy Evans","2015"
"hasleud01","Udonis Haslem","2015"
"whittsh01","Shayne Whittington","2015"
"davisgl01","Glen Davis","2015"
"hicksjj01","J.J. Hickson","2015"
"pargoja01","Jannero Pargo","2015"
"warretj01","T.J. Warren","2015"
"biyombi01","Bismack Biyombo","2015"
"morroan01","Anthony Morrow","2015"
"muscami01","Mike Muscala","2015"
"turiaro01","Ronny Turiaf","2015"
"cartemi01","Michael Carter-Williams","2015"
"gordodr01","Drew Gordon","2015"
"harriga01","Gary Harris","2015"
"oladivi01","Victor Oladipo","2015"
"robingl02","Glenn Robinson","2015"
"poweldw01","Dwight Powell","2015"
"jenkijo01","John Jenkins","2015"
"amundlo01","Lou Amundson","2015"
"vonleno01","Noah Vonleh","2015"
"dragizo01","Zoran Dragic","2015"
"covinro01","Robert Covington","2015"
"stokeja01","Jarnell Stokes","2015"
"grangda01","Danny Granger","2015"
"youngni01","Nick Young","2015"
"bealbr01","Bradley Beal","2015"
"lucaska01","Kalin Lucas","2015"
"mohamna01","Nazr Mohammed","2015"
"cabocbr01","Bruno Caboclo","2015"
"noguelu01","Lucas Nogueira","2015"
"caldejo01","Jose Calderon","2015"
"brownma02","Markel Brown","2015"
"calatni01","Nick Calathes","2015"
"martica01","Cartier Martin","2015"
"moreler01","Eric Moreland","2015"
"westda01","David West","2015"
"watsocj01","C.J. Watson","2015"
"jerregr01","Grant Jerrett","2015"
"grantje01","Jerami Grant","2015"
"adrieje01","Jeff Adrien","2015"
"whiteha01","Hassan Whiteside","2015"
"duranke01","Kevin Durant","2015"
"datomlu01","Luigi Datome","2015"
"wilcocj01","C.J. Wilcox","2015"
"cunnida01","Dante Cunningham","2015"
"mekelga01","Gal Mekel","2015"
"leema01","Malcolm Lee","2015"
"meeksjo01","Jodie Meeks","2015"
"morrida01","Darius Morris","2015"
"mcgarmi01","Mitch McGary","2015"
"aldemfu01","Furkan Aldemir","2015"
"obryajo01","Johnny O'Bryant","2015"
"ledori01","Ricky Ledo","2015"
"tayloje03","Jeffery Taylor","2015"
"clavevi01","Victor Claver","2015"
"hillge01","George Hill","2015"
"paynead01","Adreian Payne","2015"
"chrispa01","Patrick Christopher","2015"
"millspa02","Patty Mills","2015"
"feltora01","Raymond Felton","2015"
"webstma02","Martell Webster","2015"
"bargnan01","Andrea Bargnani","2015"
"murryto01","Toure' Murry","2015"
"millsel01","Elijah Millsap","2015"
"gallola01","Langston Galloway","2015"
"williel01","Elliot Williams","2015"
"martike01","Kenyon Martin","2015"
"radulmi01","Miroslav Raduljica","2015"
"johnsty01","Tyler Johnson","2015"
"drewla02","Larry Drew","2015"
"jonesda02","Dahntay Jones","2015"
"millequ01","Quincy Miller","2015"
"greenja01","JaMychal Green","2015"
"mcadoja01","James Michael McAdoo","2015"
"thomaty01","Tyrus Thomas","2015"
"brownlo01","Lorenzo Brown","2015"
"willire02","Reggie Williams","2015"
"lucasjo02","John Lucas III","2015"
"fraziti01","Tim Frazier","2015"
"douglto01","Toney Douglas","2015"
"jamesbe01","Bernard James","2015"
"richaja01","Jason Richardson","2015"
"stockda01","David Stockton","2015"
"lauvejo01","Joffrey Lauvergne","2015"
"walkebi01","Henry Walker","2015"
"barroea01","Earl Barron","2015"
"beaslmi01","Michael Beasley","2015"
"cooleja01","Jack Cooley","2015"
"cottobr01","Bryce Cotton","2015"
"hamiljo02","Jordan Hamilton","2015"
"benimje01","Jerrelle Benimon","2015"
"curryse01","Seth Curry","2015"
"brownja01","Jabari Brown","2015"
"kilpase01","Sean Kilpatrick","2015"
"clarkea01","Earl Clark","2015"
"bynumwi01","Will Bynum","2015"
"hudsole01","Lester Hudson","2015"
"wearda01","David Wear","2015"
"mcneaje01","Jerel McNeal","2015"
"buyckdw01","Dwight Buycks","2015"
"georgpa01","Paul George","2015"
"onuakar01","Arinze Onuaku","2015"
"bhullsi01","Sim Bhullar","2015"
"frankja01","Jamaal Franklin","2015"
"blueva01","Vander Blue","2015"
"curryst01","Stephen Curry","2016"
"jamesle01","LeBron James","2016"
"schrode01","Dennis Schroder","2016"
"drumman01","Andre Drummond","2016"
"willima01","Mo Williams","2016"
"horfoal01","Al Horford","2016"
"bogutan01","Andrew Bogut","2016"
"smithis01","Ish Smith","2016"
"jacksre01","Reggie Jackson","2016"
"butleji01","Jimmy Butler","2016"
"caldwke01","Kentavious Caldwell-Pope","2016"
"loveke01","Kevin Love","2016"
"morrima03","Marcus Morris","2016"
"mirotni01","Nikola Mirotic","2016"
"millspa01","Paul Millsap","2016"
"ilyaser01","Ersan Ilyasova","2016"
"ezelife01","Festus Ezeli","2016"
"perkike01","Kendrick Perkins","2016"
"cunnida01","Dante Cunningham","2016"
"sefolth01","Thabo Sefolosha","2016"
"mooreet01","E'Twaun Moore","2016"
"rosede01","Derrick Rose","2016"
"mcderdo01","Doug McDermott","2016"
"teaguje01","Jeff Teague","2016"
"geeal01","Alonzo Gee","2016"
"speigma01","Marreese Speights","2016"
"jefferi01","Richard Jefferson","2016"
"barneha02","Harrison Barnes","2016"
"greendr01","Draymond Green","2016"
"livinsh01","Shaun Livingston","2016"
"noahjo01","Joakim Noah","2016"
"anderry01","Ryan Anderson","2016"
"pattela01","Lamar Patterson","2016"
"smithjr01","J.R. Smith","2016"
"gordoer01","Eric Gordon","2016"
"dellama01","Matthew Dellavedova","2016"
"johnsst04","Stanley Johnson","2016"
"snellto01","Tony Snell","2016"
"baynear01","Aron Baynes","2016"
"iguodan01","Andre Iguodala","2016"
"gibsota01","Taj Gibson","2016"
"gasolpa01","Pau Gasol","2016"
"splitti01","Tiago Splitter","2016"
"davisan02","Anthony Davis","2016"
"varejan01","Anderson Varejao","2016"
"ajincal01","Alexis Ajinca","2016"
"mozgoti01","Timofey Mozgov","2016"
"thomptr01","Tristan Thompson","2016"
"scottmi01","Mike Scott","2016"
"korveky01","Kyle Korver","2016"
"thompkl01","Klay Thompson","2016"
"robinna01","Nate Robinson","2016"
"rushbr01","Brandon Rush","2016"
"blakest01","Steve Blake","2016"
"mcadoja01","James Michael McAdoo","2016"
"meeksjo01","Jodie Meeks","2016"
"brookaa01","Aaron Brooks","2016"
"jonesja02","James Jones","2016"
"cunnija01","Jared Cunningham","2016"
"muscami01","Mike Muscala","2016"
"barbole01","Leandro Barbosa","2016"
"bazemke01","Kent Bazemore","2016"
"mccolcj01","CJ McCollum","2016"
"rubiori01","Ricky Rubio","2016"
"griffbl01","Blake Griffin","2016"
"westbru01","Russell Westbrook","2016"
"leonaka01","Kawhi Leonard","2016"
"monrogr01","Greg Monroe","2016"
"gallida01","Danilo Gallinari","2016"
"thomais02","Isaiah Thomas","2016"
"favorde01","Derrick Favors","2016"
"lopezbr01","Brook Lopez","2016"
"paulch01","Chris Paul","2016"
"derozde01","DeMar DeRozan","2016"
"valanjo01","Jonas Valanciunas","2016"
"couside01","DeMarcus Cousins","2016"
"boshch01","Chris Bosh","2016"
"walljo01","John Wall","2016"
"willide02","Derrick Williams","2016"
"kanteen01","Enes Kanter","2016"
"farieke01","Kenneth Faried","2016"
"feltora01","Raymond Felton","2016"
"okafoja01","Jahlil Okafor","2016"
"lillada01","Damian Lillard","2016"
"vujacsa01","Sasha Vujacic","2016"
"vasqugr01","Greivis Vasquez","2016"
"walkeke02","Kemba Walker","2016"
"georgpa01","Paul George","2016"
"hardeja01","James Harden","2016"
"wadedw01","Dwyane Wade","2016"
"hibbero01","Roy Hibbert","2016"
"hillge01","George Hill","2016"
"lowryky01","Kyle Lowry","2016"
"willilo02","Lou Williams","2016"
"diawbo01","Boris Diaw","2016"
"martike02","Kevin Martin","2016"
"bryanko01","Kobe Bryant","2016"
"leuerjo01","Jon Leuer","2016"
"gallola01","Langston Galloway","2016"
"crowdja01","Jae Crowder","2016"
"smartma01","Marcus Smart","2016"
"willide01","Deron Williams","2016"
"davised01","Ed Davis","2016"
"johnsam01","Amir Johnson","2016"
"grantje02","Jerian Grant","2016"
"canaais01","Isaiah Canaan","2016"
"koufoko01","Kosta Koufos","2016"
"bargnan01","Andrea Bargnani","2016"
"gordoaa01","Aaron Gordon","2016"
"jeffeal01","Al Jefferson","2016"
"capelca01","Clint Capela","2016"
"mahinia01","Ian Mahinmi","2016"
"nowitdi01","Dirk Nowitzki","2016"
"thomala01","Lance Thomas","2016"
"bealbr01","Bradley Beal","2016"
"noelne01","Nerlens Noel","2016"
"oladivi01","Victor Oladipo","2016"
"bookede01","Devin Booker","2016"
"sullija01","Jared Sullinger","2016"
"denglu01","Luol Deng","2016"
"ginobma01","Manu Ginobili","2016"
"paytoel01","Elfrid Payton","2016"
"lauvejo01","Joffrey Lauvergne","2016"
"burksal01","Alec Burks","2016"
"duranke01","Kevin Durant","2016"
"gortama01","Marcin Gortat","2016"
"pachuza01","Zaza Pachulia","2016"
"milescj01","C.J. Miles","2016"
"randlju01","Julius Randle","2016"
"oquinky01","Kyle O'Quinn","2016"
"carrode01","DeMarre Carroll","2016"
"linje01","Jeremy Lin","2016"
"augusdj01","D.J. Augustin","2016"
"townska01","Karl-Anthony Towns","2016"
"goodwar01","Archie Goodwin","2016"
"leoname01","Meyers Leonard","2016"
"porzikr01","Kristaps Porzingis","2016"
"youngni01","Nick Young","2016"
"harrito02","Tobias Harris","2016"
"stuckro01","Rodney Stuckey","2016"
"plumlma01","Mason Plumlee","2016"
"chalmma01","Mario Chalmers","2016"
"collida01","Darren Collison","2016"
"jordade01","DeAndre Jordan","2016"
"piercpa01","Paul Pierce","2016"
"willima02","Marvin Williams","2016"
"joneste01","Terrence Jones","2016"
"zelleco01","Cody Zeller","2016"
"duncati01","Tim Duncan","2016"
"evansje01","Jeremy Evans","2016"
"gayru01","Rudy Gay","2016"
"greenge01","Gerald Green","2016"
"bartowi01","Will Barton","2016"
"cartemi01","Michael Carter-Williams","2016"
"holliro01","Rondae Hollis-Jefferson","2016"
"porteot01","Otto Porter","2016"
"harriga01","Gary Harris","2016"
"grantje01","Jerami Grant","2016"
"allento01","Tony Allen","2016"
"lawsoty01","Ty Lawson","2016"
"larkish01","Shane Larkin","2016"
"randoza01","Zach Randolph","2016"
"sampsja02","JaKarr Sampson","2016"
"clarkjo01","Jordan Clarkson","2016"
"dragigo01","Goran Dragic","2016"
"conlemi01","Mike Conley","2016"
"crawfja01","Jamal Crawford","2016"
"harremo01","Montrezl Harrell","2016"
"johnsjo02","Joe Johnson","2016"
"villach01","Charlie Villanueva","2016"
"aminual01","Al-Farouq Aminu","2016"
"belinma01","Marco Belinelli","2016"
"redicjj01","J.J. Redick","2016"
"stephla01","Lance Stephenson","2016"
"lavinza01","Zach LaVine","2016"
"poweldw01","Dwight Powell","2016"
"aldrila01","LaMarcus Aldridge","2016"
"hoodro01","Rodney Hood","2016"
"matthwe02","Wesley Matthews","2016"
"bjeline01","Nemanja Bjelica","2016"
"butleca01","Caron Butler","2016"
"bledser01","Eric Bledsoe","2016"
"leeco01","Courtney Lee","2016"
"muhamsh01","Shabazz Muhammad","2016"
"robinth01","Thomas Robinson","2016"
"humphkr01","Kris Humphries","2016"
"leeda02","David Lee","2016"
"millspa02","Patty Mills","2016"
"netora01","Raul Neto","2016"
"harklma01","Maurice Harkless","2016"
"goberru01","Rudy Gobert","2016"
"knighbr03","Brandon Knight","2016"
"morroan01","Anthony Morrow","2016"
"vucevni01","Nikola Vucevic","2016"
"hasleud01","Udonis Haslem","2016"
"garneke01","Kevin Garnett","2016"
"vaughra01","Rashad Vaughn","2016"
"gasolma01","Marc Gasol","2016"
"hilljo01","Jordan Hill","2016"
"ibakase01","Serge Ibaka","2016"
"lopezro01","Robin Lopez","2016"
"pattepa01","Patrick Patterson","2016"
"youngth01","Thaddeus Young","2016"
"beverpa01","Patrick Beverley","2016"
"biyombi01","Bismack Biyombo","2016"
"westda01","David West","2016"
"brownma02","Markel Brown","2016"
"haywago01","Gordon Hayward","2016"
"anthoca01","Carmelo Anthony","2016"
"adamsst01","Steven Adams","2016"
"ellismo01","Monta Ellis","2016"
"harride01","Devin Harris","2016"
"mudiaem01","Emmanuel Mudiay","2016"
"roberan03","Andre Roberson","2016"
"sessira01","Ramon Sessions","2016"
"wrighbr03","Brandan Wright","2016"
"nelsoja01","Jameer Nelson","2016"
"hawessp01","Spencer Hawes","2016"
"winslju01","Justise Winslow","2016"
"jerebjo01","Jonas Jerebko","2016"
"copelch01","Chris Copeland","2016"
"dienggo01","Gorgui Dieng","2016"
"arthuda01","Darrell Arthur","2016"
"mccontj01","T.J. McConnell","2016"
"holidjr01","Jrue Holiday","2016"
"casspom01","Omri Casspi","2016"
"goodedr01","Drew Gooden","2016"
"greenja01","JaMychal Green","2016"
"hezonma01","Mario Hezonja","2016"
"anderky01","Kyle Anderson","2016"
"earlycl01","Cleanthony Early","2016"
"mickejo01","Jordan Mickey","2016"
"parketo01","Tony Parker","2016"
"turneev01","Evan Turner","2016"
"bogdabo02","Bojan Bogdanovic","2016"
"waitedi01","Dion Waiters","2016"
"inglida01","Damien Inglis","2016"
"riverau01","Austin Rivers","2016"
"dedmode01","Dewayne Dedmon","2016"
"johnswe01","Wesley Johnson","2016"
"chandty01","Tyson Chandler","2016"
"zellety01","Tyler Zeller","2016"
"foyera01","Randy Foye","2016"
"kellyry01","Ryan Kelly","2016"
"lenal01","Alex Len","2016"
"rondora01","Rajon Rondo","2016"
"smithja02","Jason Smith","2016"
"greenje02","Jeff Green","2016"
"inglejo01","Joe Ingles","2016"
"nealga01","Gary Neal","2016"
"roberbr01","Brian Roberts","2016"
"princta01","Tayshaun Prince","2016"
"warretj01","T.J. Warren","2016"
"caulewi01","Willie Cauley-Stein","2016"
"rudezda01","Damjan Rudez","2016"
"terryja01","Jason Terry","2016"
"whiteha01","Hassan Whiteside","2016"
"batumni01","Nicolas Batum","2016"
"holmeri01","Richaun Holmes","2016"
"mcrobjo01","Josh McRoberts","2016"
"bareajo01","J.J. Barea","2016"
"mclembe01","Ben McLemore","2016"
"rosste01","Terrence Ross","2016"
"bayleje01","Jerryd Bayless","2016"
"hensojo01","John Henson","2016"
"huertma01","Marcelo Huertas","2016"
"bradlav01","Avery Bradley","2016"
"adamsjo01","Jordan Adams","2016"
"allenla01","Lavoy Allen","2016"
"arizatr01","Trevor Ariza","2016"
"crabbal01","Allen Crabbe","2016"
"greenda02","Danny Green","2016"
"hairspj02","P.J. Hairston","2016"
"kaunsa01","Sasha Kaun","2016"
"sloando01","Donald Sloan","2016"
"smithru01","Russ Smith","2016"
"greener01","Erick Green","2016"
"hinriki01","Kirk Hinrich","2016"
"jokicni01","Nikola Jokic","2016"
"anderja01","James Anderson","2016"
"fournev01","Evan Fournier","2016"
"harrijo01","Joe Harris","2016"
"anderju01","Justin Anderson","2016"
"weemsso01","Sonny Weems","2016"
"lylestr01","Trey Lyles","2016"
"mejrisa01","Salah Mejri","2016"
"aldrico01","Cole Aldrich","2016"
"dekkesa01","Sam Dekker","2016"
"johnsja01","James Johnson","2016"
"mcdankj01","K.J. McDaniels","2016"
"woodch01","Christian Wood","2016"
"ellinwa01","Wayne Ellington","2016"
"tollian01","Anthony Tolliver","2016"
"millsel01","Elijah Millsap","2016"
"scolalu01","Luis Scola","2016"
"millemi01","Mike Miller","2016"
"youngjo01","Joe Young","2016"
"middlkh01","Khris Middleton","2016"
"morrima02","Markieff Morris","2016"
"wiggian01","Andrew Wiggins","2016"
"obryajo01","Johnny O'Bryant","2016"
"thompho01","Hollis Thompson","2016"
"tuckepj01","P.J. Tucker","2016"
"bullore01","Reggie Bullock","2016"
"paynead01","Adreian Payne","2016"
"roziete01","Terry Rozier","2016"
"udrihbe01","Beno Udrih","2016"
"breweco01","Corey Brewer","2016"
"teletmi01","Mirza Teletovic","2016"
"bassbr01","Brandon Bass","2016"
"caldejo01","Jose Calderon","2016"
"jenkijo01","John Jenkins","2016"
"kaminfr01","Frank Kaminsky","2016"
"russeda01","D'Angelo Russell","2016"
"plumlmi01","Miles Plumlee","2016"
"budinch01","Chase Budinger","2016"
"josepco01","Cory Joseph","2016"
"watsocj01","C.J. Watson","2016"
"burketr01","Trey Burke","2016"
"vonleno01","Noah Vonleh","2016"
"collini01","Nick Collison","2016"
"hilarne01","Nene Hilario","2016"
"smithjo03","Josh Smith","2016"
"pricero01","Ronnie Price","2016"
"barnema02","Matt Barnes","2016"
"turnemy01","Myles Turner","2016"
"tavarwa01","Edy Tavares","2016"
"holidju01","Justin Holiday","2016"
"mbahalu01","Luc Mbah a Moute","2016"
"prigipa01","Pablo Prigioni","2016"
"antetgi01","Giannis Antetokounmpo","2016"
"jackja01","Jarrett Jack","2016"
"stausni01","Nik Stauskas","2016"
"lambje01","Jeremy Lamb","2016"
"olynyke01","Kelly Olynyk","2016"
"dudleja01","Jared Dudley","2016"
"marjabo01","Boban Marjanovic","2016"
"brownan02","Anthony Brown","2016"
"connapa01","Pat Connaughton","2016"
"thompja02","Jason Thompson","2016"
"howardw01","Dwight Howard","2016"
"johnsch04","Chris Johnson","2016"
"moreler01","Eric Moreland","2016"
"mccalra01","Ray McCallum","2016"
"curryse01","Seth Curry","2016"
"stoudam01","Amar'e Stoudemire","2016"
"clarkia01","Ian Clark","2016"
"fraziti01","Tim Frazier","2016"
"pleisti01","Tibor Pleiss","2016"
"karasse01","Sergey Karasev","2016"
"butlera01","Rasual Butler","2016"
"singlky01","Kyle Singler","2016"
"ennisja01","James Ennis","2016"
"sacrero01","Robert Sacre","2016"
"johnsty01","Tyler Johnson","2016"
"napiesh01","Shabazz Napier","2016"
"oubreke01","Kelly Oubre","2016"
"templga01","Garrett Temple","2016"
"booketr01","Trevor Booker","2016"
"bennean01","Anthony Bennett","2016"
"montelu01","Luis Montero","2016"
"blackta01","Tarik Black","2016"
"douglto01","Toney Douglas","2016"
"babbilu01","Luke Babbitt","2016"
"asikom01","Omer Asik","2016"
"hillso01","Solomon Hill","2016"
"witheje01","Jeff Withey","2016"
"whittsh01","Shayne Whittington","2016"
"blairde01","DeJuan Blair","2016"
"thornma01","Marcus Thornton","2016"
"payneca01","Cameron Payne","2016"
"hicksjj01","J.J. Hickson","2016"
"parsoch01","Chandler Parsons","2016"
"fryech01","Channing Frye","2016"
"hayesch01","Chuck Hayes","2016"
"powelno01","Norman Powell","2016"
"wrighde01","Delon Wright","2016"
"nichoan01","Andrew Nicholson","2016"
"mcgarmi01","Mitch McGary","2016"
"serapke01","Kevin Seraphin","2016"
"cartevi01","Vince Carter","2016"
"covinro01","Robert Covington","2016"
"portibo01","Bobby Portis","2016"
"hansbty01","Tyler Hansbrough","2016"
"anderch01","Chris Andersen","2016"
"bairsca01","Cameron Bairstow","2016"
"danietr01","Troy Daniels","2016"
"dinwisp01","Spencer Dinwiddie","2016"
"robingl02","Glenn Robinson","2016"
"acyqu01","Quincy Acy","2016"
"pressph01","Phil Pressey","2016"
"ennisty01","Tyler Ennis","2016"
"parkeja01","Jabari Parker","2016"
"hunterj01","R.J. Hunter","2016"
"macksh01","Shelvin Mack","2016"
"millean02","Andre Miller","2016"
"stokeja01","Jarnell Stokes","2016"
"papanko01","Kostas Papanikolaou","2016"
"kamanch01","Chris Kaman","2016"
"richajo01","Josh Richardson","2016"
"artesro01","Metta World Peace","2016"
"nancela02","Larry Nance","2016"
"noguelu01","Lucas Nogueira","2016"
"feliccr01","Cristiano Felicio","2016"
"fredeji01","Jimmer Fredette","2016"
"amundlo01","Lou Amundson","2016"
"youngja01","James Young","2016"
"jonesty01","Tyus Jones","2016"
"afflaar01","Arron Afflalo","2016"
"hendege02","Gerald Henderson","2016"
"bonnema01","Matt Bonner","2016"
"cabocbr01","Bruno Caboclo","2016"
"marblde01","Devyn Marble","2016"
"novakst01","Steve Novak","2016"
"simmojo02","Jonathon Simmons","2016"
"jeffeco01","Cory Jefferson","2016"
"alexacl01","Cliff Alexander","2016"
"mayooj01","O.J. Mayo","2016"
"harriaa01","Aaron Harrison","2016"
"mcgeeja01","JaVale McGee","2016"
"anthojo01","Joel Anthony","2016"
"hillida01","Darrun Hilliard","2016"
"hardati02","Tim Hardaway","2016"
"evansty01","Tyreke Evans","2016"
"coleno01","Norris Cole","2016"
"wilcocj01","C.J. Wilcox","2016"
"holliry01","Ryan Hollins","2016"
"reedwi02","Willie Reed","2016"
"wroteto01","Tony Wroten","2016"
"motiedo01","Donatas Motiejunas","2016"
"shumpim01","Iman Shumpert","2016"
"marshke01","Kendall Marshall","2016"
"martija01","Jarell Martin","2016"
"irvinky01","Kyrie Irving","2016"
"landrca01","Carl Landry","2016"
"eddieja01","Jarell Eddie","2016"
"dawsobr01","Branden Dawson","2016"
"jennibr01","Brandon Jennings","2016"
"cottobr01","Bryce Cotton","2016"
"nurkiju01","Jusuf Nurkic","2016"
"pekovni01","Nikola Pekovic","2016"
"williel01","Elliot Williams","2016"
"brownlo01","Lorenzo Brown","2016"
"kilpase01","Sean Kilpatrick","2016"
"obriejj01","J.J. O'Brien","2016"
"applike01","Keith Appling","2016"
"dejeabr01","Bryce Dejean-Jones","2016"
"pendeje02","Jeff Ayres","2016"
"looneke01","Kevon Looney","2016"
"kiddgmi01","Michael Kidd-Gilchrist","2016"
"mcraejo01","Jordan McRae","2016"
"antetth01","Thanasis Antetokounmpo","2016"
"johnsor01","Orlando Johnson","2016"
"dunlemi02","Mike Dunleavy","2016"
"mcculch01","Chris McCullough","2016"
"stephal01","Alex Stepheson","2016"
"anderal01","Alan Anderson","2016"
"gutiejo01","Jorge Gutierrez","2016"
"harpeju01","Justin Harper","2016"
"smithgr02","Greg Smith","2016"
"brandel01","Elton Brand","2016"
"toupaax01","Axel Toupane","2016"
"beaslmi01","Michael Beasley","2016"
"mohamna01","Nazr Mohammed","2016"
"weberbr01","Briante Weber","2016"
"goudean01","Andrew Goudelock","2016"
"clarkco01","Coty Clarke","2016"
"willial03","Alan Williams","2016"
"munfoxa02","Xavier Munford","2016"
"simshe01","Henry Sims","2016"
"farmajo01","Jordan Farmar","2016"
"huestjo01","Josh Huestis","2016"
"hamiljo02","Jordan Hamilton","2016"
"jonesda02","Dahntay Jones","2016"
"chrisra01","Rakeem Christmas","2016"
"dukandu01","Duje Dukan","2016"
"wrighdo01","Dorell Wright","2016"
"hollajo02","John Holland","2016"
"lillada01","Damian Lillard","2017"
"leonaka01","Kawhi Leonard","2017"
"duranke01","Kevin Durant","2017"
"johnsjo02","Joe Johnson","2017"
"irvinky01","Kyrie Irving","2017"
"aldrila01","LaMarcus Aldridge","2017"
"greendr01","Draymond Green","2017"
"jamesle01","LeBron James","2017"
"hoodro01","Rodney Hood","2017"
"loveke01","Kevin Love","2017"
"mccolcj01","CJ McCollum","2017"
"curryst01","Stephen Curry","2017"
"hillge01","George Hill","2017"
"simmojo02","Jonathon Simmons","2017"
"millspa02","Patty Mills","2017"
"crabbal01","Allen Crabbe","2017"
"goberru01","Rudy Gobert","2017"
"jefferi01","Richard Jefferson","2017"
"vonleno01","Noah Vonleh","2017"
"porzikr01","Kristaps Porzingis","2017"
"anthoca01","Carmelo Anthony","2017"
"davised01","Ed Davis","2017"
"holidju01","Justin Holiday","2017"
"dunlemi02","Mike Dunleavy","2017"
"ginobma01","Manu Ginobili","2017"
"aminual01","Al-Farouq Aminu","2017"
"rosede01","Derrick Rose","2017"
"leeda02","David Lee","2017"
"macksh01","Shelvin Mack","2017"
"anderky01","Kyle Anderson","2017"
"jennibr01","Brandon Jennings","2017"
"kuzmimi01","Mindaugas Kuzminskas","2017"
"liggide01","DeAndre Liggins","2017"
"turneev01","Evan Turner","2017"
"bertada01","Davis Bertans","2017"
"parketo01","Tony Parker","2017"
"bakerro01","Ron Baker","2017"
"dedmode01","Dewayne Dedmon","2017"
"fryech01","Channing Frye","2017"
"jonesja02","James Jones","2017"
"mccawpa01","Patrick McCaw","2017"
"exumda01","Dante Exum","2017"
"noahjo01","Joakim Noah","2017"
"smithjr01","J.R. Smith","2017"
"thompkl01","Klay Thompson","2017"
"anderch01","Chris Andersen","2017"
"iguodan01","Andre Iguodala","2017"
"oquinky01","Kyle O'Quinn","2017"
"hernawi01","Willy Hernangomez","2017"
"clarkia01","Ian Clark","2017"
"inglejo01","Joe Ingles","2017"
"witheje01","Jeff Withey","2017"
"shumpim01","Iman Shumpert","2017"
"livinsh01","Shaun Livingston","2017"
"thomala01","Lance Thomas","2017"
"lylestr01","Trey Lyles","2017"
"mcgeeja01","JaVale McGee","2017"
"forbebr01","Bryn Forbes","2017"
"laproni01","Nicolas Laprovittola","2017"
"looneke01","Kevon Looney","2017"
"pachuza01","Zaza Pachulia","2017"
"varejan01","Anderson Varejao","2017"
"gasolpa01","Pau Gasol","2017"
"harklma01","Maurice Harkless","2017"
"leoname01","Meyers Leonard","2017"
"mcraejo01","Jordan McRae","2017"
"vujacsa01","Sasha Vujacic","2017"
"plumlma01","Mason Plumlee","2017"
"westda01","David West","2017"
"thomptr01","Tristan Thompson","2017"
"leeco01","Courtney Lee","2017"
"diawbo01","Boris Diaw","2017"
"davisan02","Anthony Davis","2017"
"hardeja01","James Harden","2017"
"turnemy01","Myles Turner","2017"
"valanjo01","Jonas Valanciunas","2017"
"westbru01","Russell Westbrook","2017"
"antetgi01","Giannis Antetokounmpo","2017"
"derozde01","DeMar DeRozan","2017"
"thomais02","Isaiah Thomas","2017"
"kiddgmi01","Michael Kidd-Gilchrist","2017"
"georgpa01","Paul George","2017"
"nurkiju01","Jusuf Nurkic","2017"
"ellismo01","Monta Ellis","2017"
"clarkjo01","Jordan Clarkson","2017"
"fraziti01","Tim Frazier","2017"
"gayru01","Rudy Gay","2017"
"wiggian01","Andrew Wiggins","2017"
"couside01","DeMarcus Cousins","2017"
"hibbero01","Roy Hibbert","2017"
"vucevni01","Nikola Vucevic","2017"
"bartowi01","Will Barton","2017"
"hamilju01","Justin Hamilton","2017"
"crowdja01","Jae Crowder","2017"
"randlju01","Julius Randle","2017"
"conlemi01","Mike Conley","2017"
"nowitdi01","Dirk Nowitzki","2017"
"dienggo01","Gorgui Dieng","2017"
"whiteha01","Hassan Whiteside","2017"
"kanteen01","Enes Kanter","2017"
"monrogr01","Greg Monroe","2017"
"willide01","Deron Williams","2017"
"bareajo01","J.J. Barea","2017"
"teaguje01","Jeff Teague","2017"
"johnsty01","Tyler Johnson","2017"
"randoza01","Zach Randolph","2017"
"townska01","Karl-Anthony Towns","2017"
"bradlav01","Avery Bradley","2017"
"booketr01","Trevor Booker","2017"
"capelca01","Clint Capela","2017"
"zellety01","Tyler Zeller","2017"
"horfoal01","Al Horford","2017"
"rodrise01","Sergio Rodriguez","2017"
"bogdabo02","Bojan Bogdanovic","2017"
"barneha02","Harrison Barnes","2017"
"harrito02","Tobias Harris","2017"
"ennisja01","James Ennis","2017"
"walkeke02","Kemba Walker","2017"
"zelleco01","Cody Zeller","2017"
"gallida01","Danilo Gallinari","2017"
"stausni01","Nik Stauskas","2017"
"covinro01","Robert Covington","2017"
"lavinza01","Zach LaVine","2017"
"fournev01","Evan Fournier","2017"
"morrima03","Marcus Morris","2017"
"winslju01","Justise Winslow","2017"
"baldwwa01","Wade Baldwin","2017"
"willilo02","Lou Williams","2017"
"barnema02","Matt Barnes","2017"
"gordoer01","Eric Gordon","2017"
"linje01","Jeremy Lin","2017"
"reedwi02","Willie Reed","2017"
"lawsoty01","Ty Lawson","2017"
"paytoel01","Elfrid Payton","2017"
"bledser01","Eric Bledsoe","2017"
"dragigo01","Goran Dragic","2017"
"russeda01","D'Angelo Russell","2017"
"anderry01","Ryan Anderson","2017"
"harrijo01","Joe Harris","2017"
"johnsja01","James Johnson","2017"
"adamsst01","Steven Adams","2017"
"batumni01","Nicolas Batum","2017"
"farieke01","Kenneth Faried","2017"
"mozgoti01","Timofey Mozgov","2017"
"gordoaa01","Aaron Gordon","2017"
"ilyaser01","Ersan Ilyasova","2017"
"willima02","Marvin Williams","2017"
"mcdankj01","K.J. McDaniels","2017"
"brownja02","Jaylen Brown","2017"
"gasolma01","Marc Gasol","2017"
"warretj01","T.J. Warren","2017"
"bendedr01","Dragan Bender","2017"
"greenja01","JaMychal Green","2017"
"templga01","Garrett Temple","2017"
"parkeja01","Jabari Parker","2017"
"embiijo01","Joel Embiid","2017"
"bookede01","Devin Booker","2017"
"curryse01","Seth Curry","2017"
"lowryky01","Kyle Lowry","2017"
"lenal01","Alex Len","2017"
"greenge01","Gerald Green","2017"
"joneste01","Terrence Jones","2017"
"brogdma01","Malcolm Brogdon","2017"
"milescj01","C.J. Miles","2017"
"nancela02","Larry Nance","2017"
"ibakase01","Serge Ibaka","2017"
"hilarne01","Nene Hilario","2017"
"siakapa01","Pascal Siakam","2017"
"chandty01","Tyson Chandler","2017"
"kilpase01","Sean Kilpatrick","2017"
"youngth01","Thaddeus Young","2017"
"mooreet01","E'Twaun Moore","2017"
"drumman01","Andre Drummond","2017"
"holmeri01","Richaun Holmes","2017"
"matthwe02","Wesley Matthews","2017"
"dunnkr01","Kris Dunn","2017"
"leuerjo01","Jon Leuer","2017"
"smithis01","Ish Smith","2017"
"ingrabr01","Brandon Ingram","2017"
"johnsam01","Amir Johnson","2017"
"stephla01","Lance Stephenson","2017"
"tollian01","Anthony Tolliver","2017"
"bogutan01","Andrew Bogut","2017"
"josepco01","Cory Joseph","2017"
"dellama01","Matthew Dellavedova","2017"
"baynear01","Aron Baynes","2017"
"jeffeal01","Al Jefferson","2017"
"rosste01","Terrence Ross","2017"
"roziete01","Terry Rozier","2017"
"hendege02","Gerald Henderson","2017"
"mccontj01","T.J. McConnell","2017"
"anderju01","Justin Anderson","2017"
"carrode01","DeMarre Carroll","2017"
"augusdj01","D.J. Augustin","2017"
"denglu01","Luol Deng","2017"
"roberan03","Andre Roberson","2017"
"afflaar01","Arron Afflalo","2017"
"mcgruro01","Rodney McGruder","2017"
"waitedi01","Dion Waiters","2017"
"gallola01","Langston Galloway","2017"
"belinma01","Marco Belinelli","2017"
"caulewi01","Willie Cauley-Stein","2017"
"chrisse01","Semaj Christon","2017"
"aldrico01","Cole Aldrich","2017"
"allenla01","Lavoy Allen","2017"
"cartevi01","Vince Carter","2017"
"nelsoja01","Jameer Nelson","2017"
"jerebjo01","Jonas Jerebko","2017"
"stuckro01","Rodney Stuckey","2017"
"casspom01","Omri Casspi","2017"
"arizatr01","Trevor Ariza","2017"
"babbilu01","Luke Babbitt","2017"
"grantje01","Jerami Grant","2017"
"rubiori01","Ricky Rubio","2017"
"dekkesa01","Sam Dekker","2017"
"chandwi01","Wilson Chandler","2017"
"greenje02","Jeff Green","2017"
"holliro01","Rondae Hollis-Jefferson","2017"
"terryja01","Jason Terry","2017"
"thompho01","Hollis Thompson","2017"
"blackta01","Tarik Black","2017"
"hawessp01","Spencer Hawes","2017"
"mudiaem01","Emmanuel Mudiay","2017"
"dudleja01","Jared Dudley","2017"
"hensojo01","John Henson","2017"
"knighbr03","Brandon Knight","2017"
"udrihbe01","Beno Udrih","2017"
"sabondo01","Domantas Sabonis","2017"
"ulisty01","Tyler Ulis","2017"
"lopezbr01","Brook Lopez","2017"
"mcculch01","Chris McCullough","2017"
"scolalu01","Luis Scola","2017"
"mclembe01","Ben McLemore","2017"
"hezonma01","Mario Hezonja","2017"
"huertma01","Marcelo Huertas","2017"
"chrisma01","Marquese Chriss","2017"
"poweldw01","Dwight Powell","2017"
"hieldbu01","Buddy Hield","2017"
"pattepa01","Patrick Patterson","2017"
"breweco01","Corey Brewer","2017"
"gbinimi01","Michael Gbinije","2017"
"plumlmi01","Miles Plumlee","2017"
"vasqugr01","Greivis Vasquez","2017"
"youngni01","Nick Young","2017"
"caldwke01","Kentavious Caldwell-Pope","2017"
"johnsst04","Stanley Johnson","2017"
"okafoja01","Jahlil Okafor","2017"
"brussni01","Nicolas Brussino","2017"
"jokicni01","Nikola Jokic","2017"
"sessira01","Ramon Sessions","2017"
"whiteis01","Isaiah Whitehead","2017"
"asikom01","Omer Asik","2017"
"davisde01","Deyonta Davis","2017"
"beaslmi01","Michael Beasley","2017"
"ellenhe01","Henry Ellenson","2017"
"finnedo01","Dorian Finney-Smith","2017"
"murraja01","Jamal Murray","2017"
"bjeline01","Nemanja Bjelica","2017"
"hernaju01","Juan Hernangomez","2017"
"oladivi01","Victor Oladipo","2017"
"marjabo01","Boban Marjanovic","2017"
"vaughra01","Rashad Vaughn","2017"
"singlky01","Kyle Singler","2017"
"acyqu01","Quincy Acy","2017"
"harrian01","Andrew Harrison","2017"
"youngjo01","Joe Young","2017"
"muhamsh01","Shabazz Muhammad","2017"
"abrinal01","Alex Abrines","2017"
"poeltja01","Jakob Poeltl","2017"
"tuckepj01","P.J. Tucker","2017"
"ennisty01","Tyler Ennis","2017"
"powelno01","Norman Powell","2017"
"richama01","Malachi Richardson","2017"
"artesro01","Metta World Peace","2017"
"teletmi01","Mirza Teletovic","2017"
"lambje01","Jeremy Lamb","2017"
"koufoko01","Kosta Koufos","2017"
"barbole01","Leandro Barbosa","2017"
"cunnida01","Dante Cunningham","2017"
"rushbr01","Brandon Rush","2017"
"ajincal01","Alexis Ajinca","2017"
"saricda01","Dario Saric","2017"
"robingl02","Glenn Robinson","2017"
"hillso01","Solomon Hill","2017"
"millspa01","Paul Millsap","2017"
"griffbl01","Blake Griffin","2017"
"paulch01","Chris Paul","2017"
"butleji01","Jimmy Butler","2017"
"sefolth01","Thabo Sefolosha","2017"
"morrima02","Markieff Morris","2017"
"hardati02","Tim Hardaway","2017"
"howardw01","Dwight Howard","2017"
"wadedw01","Dwyane Wade","2017"
"gibsota01","Taj Gibson","2017"
"crawfja01","Jamal Crawford","2017"
"muscami01","Mike Muscala","2017"
"porteot01","Otto Porter","2017"
"speigma01","Marreese Speights","2017"
"walljo01","John Wall","2017"
"mirotni01","Nikola Mirotic","2017"
"nichoan01","Andrew Nicholson","2017"
"mcclesh01","Sheldon Mac","2017"
"riverau01","Austin Rivers","2017"
"lopezro01","Robin Lopez","2017"
"schrode01","Dennis Schroder","2017"
"cartemi01","Michael Carter-Williams","2017"
"rondora01","Rajon Rondo","2017"
"bealbr01","Bradley Beal","2017"
"burketr01","Trey Burke","2017"
"korveky01","Kyle Korver","2017"
"satorto01","Tomas Satoransky","2017"
"feltora01","Raymond Felton","2017"
"gortama01","Marcin Gortat","2017"
"jordade01","DeAndre Jordan","2017"
"johnswe01","Wesley Johnson","2017"
"feliccr01","Cristiano Felicio","2017"
"bembrde01","DeAndre' Bembry","2017"
"oubreke01","Kelly Oubre","2017"
"redicjj01","J.J. Redick","2017"
"mbahalu01","Luc Mbah a Moute","2017"
"mcderdo01","Doug McDermott","2017"
"delanma01","Malcolm Delaney","2017"
"princta02","Taurean Waller-Prince","2017"
"canaais01","Isaiah Canaan","2017"
"bazemke01","Kent Bazemore","2017"
"smithja02","Jason Smith","2017"
"thornma01","Marcus Thornton","2017"
"humphkr01","Kris Humphries","2017"
"napiesh01","Shabazz Napier","2017"
"ochefda01","Daniel Ochefu","2017"
"favorde01","Derrick Favors","2017"
"zimmest01","Stephen Zimmerman","2017"
"wilcocj01","C.J. Wilcox","2017"
"mejrisa01","Salah Mejri","2017"
"harremo01","Montrezl Harrell","2017"
"lauvejo01","Joffrey Lauvergne","2017"
"hammoaj01","A.J. Hammons","2017"
"niangge01","Georges Niang","2017"
"hillida01","Darrun Hilliard","2017"
"watsocj01","C.J. Watson","2017"
"wiltjky01","Kyle Wiltjer","2017"
"biyombi01","Bismack Biyombo","2017"
"brownbo02","Bobby Brown","2017"
"serapke01","Kevin Seraphin","2017"
"robinth01","Thomas Robinson","2017"
"kaminfr01","Frank Kaminsky","2017"
"martija01","Jarell Martin","2017"
"bennean01","Anthony Bennett","2017"
"willitr02","Troy Williams","2017"
"mickejo01","Jordan Mickey","2017"
"feldeka01","Kay Felder","2017"
"portibo01","Bobby Portis","2017"
"tavarwa01","Edy Tavares","2017"
"danietr01","Troy Daniels","2017"
"snellto01","Tony Snell","2017"
"luwawti01","Timothe Luwawu-Cabarrot","2017"
"zipsepa01","Paul Zipser","2017"
"diallch01","Cheick Diallo","2017"
"chrisra01","Rakeem Christmas","2017"
"murrade01","Dejounte Murray","2017"
"valende01","Denzel Valentine","2017"
"morroan01","Anthony Morrow","2017"
"bolomjo01","Joel Bolomboy","2017"
"makerth01","Thon Maker","2017"
"stonedi01","Diamond Stone","2017"
"bassbr01","Brandon Bass","2017"
"netora01","Raul Neto","2017"
"caldejo01","Jose Calderon","2017"
"willial03","Alan Williams","2017"
"laymaja01","Jake Layman","2017"
"brookaa01","Aaron Brooks","2017"
"jonesty01","Tyus Jones","2017"
"mcadoja01","James Michael McAdoo","2017"
"allento01","Tony Allen","2017"
"ndourma01","Maurice Ndour","2017"
"connapa01","Pat Connaughton","2017"
"hilljo01","Jordan Hill","2017"
"hasleud01","Udonis Haslem","2017"
"grantje02","Jerian Grant","2017"
"zubaciv01","Ivica Zubac","2017"
"collini01","Nick Collison","2017"
"smartma01","Marcus Smart","2017"
"youngja01","James Young","2017"
"grahatr01","Treveon Graham","2017"
"arthuda01","Darrell Arthur","2017"
"richajo01","Josh Richardson","2017"
"farmajo01","Jordan Farmar","2017"
"labissk01","Skal Labissiere","2017"
"paynead01","Adreian Payne","2017"
"lucasjo02","John Lucas III","2017"
"harriga01","Gary Harris","2017"
"kellyry01","Ryan Kelly","2017"
"millemi01","Mike Miller","2017"
"papagge01","Georgios Papagiannis","2017"
"novakst01","Steve Novak","2017"
"beaslma01","Malik Beasley","2017"
"haywago01","Gordon Hayward","2017"
"jacksde01","Demetrius Jackson","2017"
"noguelu01","Lucas Nogueira","2017"
"parsoch01","Chandler Parsons","2017"
"roberbr01","Brian Roberts","2017"
"harriaa01","Aaron Harrison","2017"
"willide02","Derrick Williams","2017"
"onuakar01","Arinze Onuaku","2017"
"woodch01","Christian Wood","2017"
"rudezda01","Damjan Rudez","2017"
"collida01","Darren Collison","2017"
"foyera01","Randy Foye","2017"
"stokeja01","Jarnell Stokes","2017"
"greenda02","Danny Green","2017"
"ferreyo01","Yogi Ferrell","2017"
"quartti01","Tim Quarterman","2017"
"anderal01","Alan Anderson","2017"
"olynyke01","Kelly Olynyk","2017"
"vanvlfr01","Fred VanVleet","2017"
"houseda01","Danuel House","2017"
"goodwar01","Archie Goodwin","2017"
"mcrobjo01","Josh McRoberts","2017"
"jenkijo01","John Jenkins","2017"
"hunterj01","R.J. Hunter","2017"
"geeal01","Alonzo Gee","2017"
"beverpa01","Patrick Beverley","2017"
"holidjr01","Jrue Holiday","2017"
"gibsojo01","Jonathan Gibson","2017"
"piercpa01","Paul Pierce","2017"
"bullore01","Reggie Bullock","2017"
"jonesde02","Derrick Jones","2017"
"plumlma02","Marshall Plumlee","2017"
"bayleje01","Jerryd Bayless","2017"
"brownan02","Anthony Brown","2017"
"mahinia01","Ian Mahinmi","2017"
"ellinwa01","Wayne Ellington","2017"
"cabocbr01","Bruno Caboclo","2017"
"scottmi01","Mike Scott","2017"
"harride01","Devin Harris","2017"
"meeksjo01","Jodie Meeks","2017"
"jacksre01","Reggie Jackson","2017"
"douglto01","Toney Douglas","2017"
"leverca01","Caris LeVert","2017"
"dinwisp01","Spencer Dinwiddie","2017"
"willire02","Reggie Williams","2017"
"jonesda03","Damian Jones","2017"
"noelne01","Nerlens Noel","2017"
"evansty01","Tyreke Evans","2017"
"onuakch01","Chinanu Onuaku","2017"
"jackspi01","Pierre Jackson","2017"
"burksal01","Alec Burks","2017"
"motiedo01","Donatas Motiejunas","2017"
"payneca01","Cameron Payne","2017"
"randlch01","Chasson Randle","2017"
"sullija01","Jared Sullinger","2017"
"nealga01","Gary Neal","2017"
"whiteok01","Okaro White","2017"
"anthojo01","Joel Anthony","2017"
"wrighbr03","Brandan Wright","2017"
"huestjo01","Josh Huestis","2017"
"obryajo01","Johnny O'Bryant","2017"
"pattela01","Lamar Patterson","2017"
"middlkh01","Khris Middleton","2017"
"weberbr01","Briante Weber","2017"
"pricero01","Ronnie Price","2017"
"wrighde01","Delon Wright","2017"
"tobeymi01","Mike Tobey","2017"
"johnsbr02","Brice Johnson","2017"
"jackja01","Jarrett Jack","2017"
"cookqu01","Quinn Cook","2017"
"nwabada01","David Nwaba","2017"
"bentibe01","Ben Bentil","2017"
"toupaax01","Axel Toupane","2017"
"coleno01","Norris Cole","2017"
"harpeju01","Justin Harper","2017"
"crawfjo02","Jordan Crawford","2017"
"longsh01","Shawn Long","2017"
"uthofja01","Jarrod Uthoff","2017"
"harrima01","Manny Harris","2017"
"seldewa01","Wayne Selden","2017"
"sandela01","Larry Sanders","2017"
"eddieja01","Jarell Eddie","2017"
"splitti01","Tiago Splitter","2017"
"poythal01","Alex Poythress","2017"
"taylois01","Isaiah Taylor","2017"
"paytoga02","Gary Payton","2017"
"garinpa01","Patricio Garino","2017"
"georgma01","Marcus Georges-Hunt","2017"
"millsel01","Elijah Millsap","2017"
"jonesda02","Dahntay Jones","2017"
"jamesle01","LeBron James","2018"
"irvinky01","Kyrie Irving","2018"
"hardeja01","James Harden","2018"
"youngni01","Nick Young","2018"
"gordoer01","Eric Gordon","2018"
"tuckepj01","P.J. Tucker","2018"
"greendr01","Draymond Green","2018"
"thompkl01","Klay Thompson","2018"
"curryst01","Stephen Curry","2018"
"brownja02","Jaylen Brown","2018"
"duranke01","Kevin Durant","2018"
"roziete01","Terry Rozier","2018"
"tatumja01","Jayson Tatum","2018"
"loveke01","Kevin Love","2018"
"anderry01","Ryan Anderson","2018"
"mbahalu01","Luc Mbah a Moute","2018"
"horfoal01","Al Horford","2018"
"arizatr01","Trevor Ariza","2018"
"crowdja01","Jae Crowder","2018"
"paulch01","Chris Paul","2018"
"capelca01","Clint Capela","2018"
"smartma01","Marcus Smart","2018"
"smithjr01","J.R. Smith","2018"
"pachuza01","Zaza Pachulia","2018"
"mccawpa01","Patrick McCaw","2018"
"rosede01","Derrick Rose","2018"
"livinsh01","Shaun Livingston","2018"
"belljo01","Jordan Bell","2018"
"baynear01","Aron Baynes","2018"
"thomptr01","Tristan Thompson","2018"
"westda01","David West","2018"
"shumpim01","Iman Shumpert","2018"
"casspom01","Omri Casspi","2018"
"wadedw01","Dwyane Wade","2018"
"looneke01","Kevon Looney","2018"
"haywago01","Gordon Hayward","2018"
"larkish01","Shane Larkin","2018"
"greenje02","Jeff Green","2018"
"korveky01","Kyle Korver","2018"
"ojelese01","Semi Ojeleye","2018"
"antetgi01","Giannis Antetokounmpo","2018"
"whiteha01","Hassan Whiteside","2018"
"lillada01","Damian Lillard","2018"
"collida01","Darren Collison","2018"
"conlemi01","Mike Conley","2018"
"harrito02","Tobias Harris","2018"
"turnemy01","Myles Turner","2018"
"russeda01","D'Angelo Russell","2018"
"covinro01","Robert Covington","2018"
"davisan02","Anthony Davis","2018"
"couside01","DeMarcus Cousins","2018"
"noelne01","Nerlens Noel","2018"
"bealbr01","Bradley Beal","2018"
"caulewi01","Willie Cauley-Stein","2018"
"schrode01","Dennis Schroder","2018"
"vucevni01","Nikola Vucevic","2018"
"wiggian01","Andrew Wiggins","2018"
"aldrila01","LaMarcus Aldridge","2018"
"oladivi01","Victor Oladipo","2018"
"walljo01","John Wall","2018"
"simmobe01","Ben Simmons","2018"
"brookdi01","Dillon Brooks","2018"
"belinma01","Marco Belinelli","2018"
"booketr01","Trevor Booker","2018"
"connapa01","Pat Connaughton","2018"
"bartowi01","Will Barton","2018"
"gortama01","Marcin Gortat","2018"
"fournev01","Evan Fournier","2018"
"walkeke02","Kemba Walker","2018"
"youngth01","Thaddeus Young","2018"
"murrade01","Dejounte Murray","2018"
"jacksre01","Reggie Jackson","2018"
"sabondo01","Domantas Sabonis","2018"
"oubreke01","Kelly Oubre","2018"
"townska01","Karl-Anthony Towns","2018"
"inglejo01","Joe Ingles","2018"
"rosste01","Terrence Ross","2018"
"brogdma01","Malcolm Brogdon","2018"
"smithde03","Dennis Smith","2018"
"harriga01","Gary Harris","2018"
"dragigo01","Goran Dragic","2018"
"gallola01","Langston Galloway","2018"
"holliro01","Rondae Hollis-Jefferson","2018"
"bareajo01","J.J. Barea","2018"
"collijo01","John Collins","2018"
"drumman01","Andre Drummond","2018"
"gayru01","Rudy Gay","2018"
"burksal01","Alec Burks","2018"
"teaguje01","Jeff Teague","2018"
"embiijo01","Joel Embiid","2018"
"goberru01","Rudy Gobert","2018"
"paytoel01","Elfrid Payton","2018"
"crabbal01","Allen Crabbe","2018"
"hieldbu01","Buddy Hield","2018"
"greenda02","Danny Green","2018"
"anderky01","Kyle Anderson","2018"
"josepco01","Cory Joseph","2018"
"crawfja01","Jamal Crawford","2018"
"napiesh01","Shabazz Napier","2018"
"rubiori01","Ricky Rubio","2018"
"wrighbr03","Brandan Wright","2018"
"gordoaa01","Aaron Gordon","2018"
"linje01","Jeremy Lin","2018"
"turneev01","Evan Turner","2018"
"ellenhe01","Henry Ellenson","2018"
"lambje01","Jeremy Lamb","2018"
"porteot01","Otto Porter","2018"
"meeksjo01","Jodie Meeks","2018"
"cunnida01","Dante Cunningham","2018"
"matthwe02","Wesley Matthews","2018"
"johnsjo02","Joe Johnson","2018"
"favorde01","Derrick Favors","2018"
"barneha02","Harrison Barnes","2018"
"davised01","Ed Davis","2018"
"howardw01","Dwight Howard","2018"
"gasolpa01","Pau Gasol","2018"
"monrogr01","Greg Monroe","2018"
"dellama01","Matthew Dellavedova","2018"
"gasolma01","Marc Gasol","2018"
"johnsja01","James Johnson","2018"
"middlkh01","Khris Middleton","2018"
"aminual01","Al-Farouq Aminu","2018"
"bradlav01","Avery Bradley","2018"
"ginobma01","Manu Ginobili","2018"
"hillge01","George Hill","2018"
"bayleje01","Jerryd Bayless","2018"
"jamesmi02","Mike James","2018"
"olynyke01","Kelly Olynyk","2018"
"hensojo01","John Henson","2018"
"hilarne01","Nene Hilario","2018"
"bookede01","Devin Booker","2018"
"foxde01","De'Aaron Fox","2018"
"waitedi01","Dion Waiters","2018"
"princta02","Taurean Waller-Prince","2018"
"winslju01","Justise Winslow","2018"
"millspa01","Paul Millsap","2018"
"leverca01","Caris LeVert","2018"
"redicjj01","J.J. Redick","2018"
"sefolth01","Thabo Sefolosha","2018"
"ferreyo01","Yogi Ferrell","2018"
"mooreet01","E'Twaun Moore","2018"
"ilyaser01","Ersan Ilyasova","2018"
"zelleco01","Cody Zeller","2018"
"bembrde01","DeAndre' Bembry","2018"
"bjeline01","Nemanja Bjelica","2018"
"dedmode01","Dewayne Dedmon","2018"
"ennisja01","James Ennis","2018"
"isaacjo01","Jonathan Isaac","2018"
"bazemke01","Kent Bazemore","2018"
"swanica01","Caleb Swanigan","2018"
"stoneju01","Julyan Stone","2018"
"templga01","Garrett Temple","2018"
"fultzma01","Markelle Fultz","2018"
"labissk01","Skal Labissiere","2018"
"parsoch01","Chandler Parsons","2018"
"bogdabo02","Bojan Bogdanovic","2018"
"carrode01","DeMarre Carroll","2018"
"mahinia01","Ian Mahinmi","2018"
"stephla01","Lance Stephenson","2018"
"butleji01","Jimmy Butler","2018"
"chandwi01","Wilson Chandler","2018"
"bledser01","Eric Bledsoe","2018"
"simmojo02","Jonathon Simmons","2018"
"evansty01","Tyreke Evans","2018"
"grahatr01","Treveon Graham","2018"
"jokicni01","Nikola Jokic","2018"
"cartevi01","Vince Carter","2018"
"jacksjo02","Josh Jackson","2018"
"mudiaem01","Emmanuel Mudiay","2018"
"muscami01","Mike Muscala","2018"
"augusdj01","D.J. Augustin","2018"
"richajo01","Josh Richardson","2018"
"theisda01","Daniel Theis","2018"
"bacondw01","Dwayne Bacon","2018"
"poweldw01","Dwight Powell","2018"
"harklma01","Maurice Harkless","2018"
"nurkiju01","Jusuf Nurkic","2018"
"babbilu01","Luke Babbitt","2018"
"harride01","Devin Harris","2018"
"hoodro01","Rodney Hood","2018"
"luwawti01","Timothe Luwawu-Cabarrot","2018"
"biyombi01","Bismack Biyombo","2018"
"mitchdo01","Donovan Mitchell","2018"
"plumlma01","Mason Plumlee","2018"
"willima02","Marvin Williams","2018"
"peteral01","Alec Peters","2018"
"scottmi01","Mike Scott","2018"
"danietr01","Troy Daniels","2018"
"leoname01","Meyers Leonard","2018"
"udohek01","Ekpe Udoh","2018"
"snellto01","Tony Snell","2018"
"jonesty01","Tyus Jones","2018"
"murraja01","Jamal Murray","2018"
"acyqu01","Quincy Acy","2018"
"mccontj01","T.J. McConnell","2018"
"millspa02","Patty Mills","2018"
"jacksju01","Justin Jackson","2018"
"magetjo01","Josh Magette","2018"
"warretj01","T.J. Warren","2018"
"laymaja01","Jake Layman","2018"
"moreler01","Eric Moreland","2018"
"clarkia01","Ian Clark","2018"
"nowitdi01","Dirk Nowitzki","2018"
"naderab01","Abdel Nader","2018"
"crawfjo02","Jordan Crawford","2018"
"saricda01","Dario Saric","2018"
"lauvejo01","Joffrey Lauvergne","2018"
"delanma01","Malcolm Delaney","2018"
"greenja01","JaMychal Green","2018"
"farieke01","Kenneth Faried","2018"
"gibsota01","Taj Gibson","2018"
"johnsty01","Tyler Johnson","2018"
"dienggo01","Gorgui Dieng","2018"
"jonesde02","Derrick Jones","2018"
"wilkida02","Damien Wilkins","2018"
"chandty01","Tyson Chandler","2018"
"makerth01","Thon Maker","2018"
"mozgoti01","Timofey Mozgov","2018"
"leuerjo01","Jon Leuer","2018"
"kaminfr01","Frank Kaminsky","2018"
"chalmma01","Mario Chalmers","2018"
"bendedr01","Dragan Bender","2018"
"dinwisp01","Spencer Dinwiddie","2018"
"jacksde01","Demetrius Jackson","2018"
"leaftj01","T.J. Leaf","2018"
"beaslma01","Malik Beasley","2018"
"diallch01","Cheick Diallo","2018"
"forbebr01","Bryn Forbes","2018"
"hernaju01","Juan Hernangomez","2018"
"lylestr01","Trey Lyles","2018"
"paulbr01","Brandon Paul","2018"
"vaughra01","Rashad Vaughn","2018"
"whitede01","Derrick White","2018"
"bertada01","Davis Bertans","2018"
"ellinwa01","Wayne Ellington","2018"
"koufoko01","Kosta Koufos","2018"
"teletmi01","Mirza Teletovic","2018"
"johnsam01","Amir Johnson","2018"
"fraziti01","Tim Frazier","2018"
"smithja02","Jason Smith","2018"
"allento01","Tony Allen","2018"
"holidjr01","Jrue Holiday","2018"
"smithis01","Ish Smith","2018"
"muhamsh01","Shabazz Muhammad","2018"
"finnedo01","Dorian Finney-Smith","2018"
"johnsst04","Stanley Johnson","2018"
"adebaba01","Bam Adebayo","2018"
"harrian01","Andrew Harrison","2018"
"milleda01","Darius Miller","2018"
"richama01","Malachi Richardson","2018"
"ulisty01","Tyler Ulis","2018"
"chrisma01","Marquese Chriss","2018"
"martija01","Jarell Martin","2018"
"monkma01","Malik Monk","2018"
"valanjo01","Jonas Valanciunas","2018"
"griffbl01","Blake Griffin","2018"
"westbru01","Russell Westbrook","2018"
"porzikr01","Kristaps Porzingis","2018"
"jordade01","DeAndre Jordan","2018"
"georgpa01","Paul George","2018"
"adamsst01","Steven Adams","2018"
"milescj01","C.J. Miles","2018"
"wrighde01","Delon Wright","2018"
"lopezro01","Robin Lopez","2018"
"lopezbr01","Brook Lopez","2018"
"lowryky01","Kyle Lowry","2018"
"anthoca01","Carmelo Anthony","2018"
"willilo02","Lou Williams","2018"
"markkla01","Lauri Markkanen","2018"
"clarkjo01","Jordan Clarkson","2018"
"nancela02","Larry Nance","2018"
"powelno01","Norman Powell","2018"
"holidju01","Justin Holiday","2018"
"johnswe01","Wesley Johnson","2018"
"anunoog01","OG Anunoby","2018"
"gallida01","Danilo Gallinari","2018"
"derozde01","DeMar DeRozan","2018"
"roberan03","Andre Roberson","2018"
"grantje02","Jerian Grant","2018"
"kanteen01","Enes Kanter","2018"
"kuzmaky01","Kyle Kuzma","2018"
"pondequ01","Quincy Pondexter","2018"
"beverpa01","Patrick Beverley","2018"
"johnsda04","Dakari Johnson","2018"
"leeco01","Courtney Lee","2018"
"ibakase01","Serge Ibaka","2018"
"randlju01","Julius Randle","2018"
"feltora01","Raymond Felton","2018"
"oquinky01","Kyle O'Quinn","2018"
"ingrabr01","Brandon Ingram","2018"
"nwabada01","David Nwaba","2018"
"mcderdo01","Doug McDermott","2018"
"reedwi02","Willie Reed","2018"
"bakerro01","Ron Baker","2018"
"valende01","Denzel Valentine","2018"
"zipsepa01","Paul Zipser","2018"
"ennisty01","Tyler Ennis","2018"
"balllo01","Lonzo Ball","2018"
"teodomi01","Milos Teodosic","2018"
"carusal01","Alex Caruso","2018"
"beaslmi01","Michael Beasley","2018"
"blakean01","Antonio Blakeney","2018"
"denglu01","Luol Deng","2018"
"harremo01","Montrezl Harrell","2018"
"hernawi01","Willy Hernangomez","2018"
"grantje01","Jerami Grant","2018"
"siakapa01","Pascal Siakam","2018"
"feldeka01","Kay Felder","2018"
"thornsi01","Sindarius Thornwell","2018"
"breweco01","Corey Brewer","2018"
"dekkesa01","Sam Dekker","2018"
"sessira01","Ramon Sessions","2018"
"mckinal01","Alfonzo McKinnie","2018"
"vanvlfr01","Fred VanVleet","2018"
"feliccr01","Cristiano Felicio","2018"
"huestjo01","Josh Huestis","2018"
"bogutan01","Andrew Bogut","2018"
"dotsoda01","Damyean Dotson","2018"
"poeltja01","Jakob Poeltl","2018"
"arcidry01","Ryan Arcidiacono","2018"
"hardati02","Tim Hardaway","2018"
"abrinal01","Alex Abrines","2018"
"thomala01","Lance Thomas","2018"
"pattepa01","Patrick Patterson","2018"
"fergute01","Terrance Ferguson","2018"
"ntilila01","Frank Ntilikina","2018"
"riverau01","Austin Rivers","2018"
"mccolcj01","CJ McCollum","2018"
"harrijo01","Joe Harris","2018"
"allenja01","Jarrett Allen","2018"
"kennalu01","Luke Kennard","2018"
"iguodan01","Andre Iguodala","2018"
"randoza01","Zach Randolph","2018"
"obryajo01","Johnny O'Bryant","2018"
"jeffeal01","Al Jefferson","2018"
"mejrisa01","Salah Mejri","2018"
"fryech01","Channing Frye","2018"
"terryja01","Jason Terry","2018"
"clavegi01","Gian Clavell","2018"
"youngjo01","Joe Young","2018"
"afflaar01","Arron Afflalo","2018"
"macksh01","Shelvin Mack","2018"
"speigma01","Marreese Speights","2018"
"birdja01","Jabari Bird","2018"
"brownst02","Sterling Brown","2018"
"lenal01","Alex Len","2018"
"mcgeeja01","JaVale McGee","2018"
"hezonma01","Mario Hezonja","2018"
"poythal01","Alex Poythress","2018"
"anderju01","Justin Anderson","2018"
"anigbik01","Ike Anigbogu","2018"
"caldejo01","Jose Calderon","2018"
"hartjo01","Josh Hart","2018"
"osmande01","Cedi Osman","2018"
"wilsodj01","D.J. Wilson","2018"
"brussni01","Nicolas Brussino","2018"
"yabusgu01","Guerschon Yabusele","2018"
"dorsety01","Tyler Dorsey","2018"
"colliza01","Zach Collins","2018"
"noguelu01","Lucas Nogueira","2018"
"okafoja01","Jahlil Okafor","2018"
"tollian01","Anthony Tolliver","2018"
"zizican01","Ante Zizic","2018"
"blackta01","Tarik Black","2018"
"mickejo01","Jordan Mickey","2018"
"johnsbr02","Brice Johnson","2018"
"klebima01","Maxi Kleber","2018"
"netora01","Raul Neto","2018"
"masonfr01","Frank Mason","2018"
"witheje01","Jeff Withey","2018"
"cookqu01","Quinn Cook","2018"
"birchkh01","Khem Birch","2018"
"marjabo01","Boban Marjanovic","2018"
"sampsja02","JaKarr Sampson","2018"
"brownbo02","Bobby Brown","2018"
"cabocbr01","Bruno Caboclo","2018"
"onealro01","Royce O'Neale","2018"
"qizh01","Zhou Qi","2018"
"willitr02","Troy Williams","2018"
"stausni01","Nik Stauskas","2018"
"liggide01","DeAndre Liggins","2018"
"iwundwe01","Wesley Iwundu","2018"
"caldwke01","Kentavious Caldwell-Pope","2018"
"nelsoja01","Jameer Nelson","2018"
"taylois01","Isaiah Taylor","2018"
"bogdabo01","Bogdan Bogdanovic","2018"
"satorto01","Tomas Satoransky","2018"
"paytoga02","Gary Payton","2018"
"dudleja01","Jared Dudley","2018"
"brookaa01","Aaron Brooks","2018"
"jackja01","Jarrett Jack","2018"
"aldrico01","Cole Aldrich","2018"
"jerebjo01","Jonas Jerebko","2018"
"georgma01","Marcus Georges-Hunt","2018"
"kilpase01","Sean Kilpatrick","2018"
"whiteok01","Okaro White","2018"
"canaais01","Isaiah Canaan","2018"
"mathima01","Mangok Mathiang","2018"
"paigema01","Marcus Paige","2018"
"kiddgmi01","Michael Kidd-Gilchrist","2018"
"zellety01","Tyler Zeller","2018"
"dunnkr01","Kris Dunn","2018"
"davisde01","Deyonta Davis","2018"
"smithjo03","Josh Smith","2018"
"collini01","Nick Collison","2018"
"cookech01","Charles Cooke","2018"
"rabbiv01","Ivan Rabb","2018"
"jonesja04","Jalen Jones","2018"
"bullore01","Reggie Bullock","2018"
"mcculch01","Chris McCullough","2018"
"jefferi01","Richard Jefferson","2018"
"wileyja01","Jacob Wiley","2018"
"whiteis01","Isaiah Whitehead","2018"
"papagge01","Georgios Papagiannis","2018"
"evansja01","Jawun Evans","2018"
"arthuda01","Darrell Arthur","2018"
"zubaciv01","Ivica Zubac","2018"
"vonleno01","Noah Vonleh","2018"
"holmeri01","Richaun Holmes","2018"
"morrima03","Marcus Morris","2018"
"morrima02","Markieff Morris","2018"
"cavanty01","Tyler Cavanaugh","2018"
"bradlto01","Tony Bradley","2018"
"cartemi01","Michael Carter-Williams","2018"
"hillida01","Darrun Hilliard","2018"
"waltode01","Derrick Walton","2018"
"portibo01","Bobby Portis","2018"
"kuzmimi01","Mindaugas Kuzminskas","2018"
"blueva01","Vander Blue","2018"
"willicj01","C.J. Williams","2018"
"seldewa01","Wayne Selden","2018"
"costema01","Matt Costello","2018"
"mclembe01","Ben McLemore","2018"
"korkmfu01","Furkan Korkmaz","2018"
"mcadoja01","James Michael McAdoo","2018"
"singlky01","Kyle Singler","2018"
"rondora01","Rajon Rondo","2018"
"batumni01","Nicolas Batum","2018"
"hamilda02","Daniel Hamilton","2018"
"brownlo01","Lorenzo Brown","2018"
"clevean01","Antonius Cleveland","2018"
"woltena01","Nate Wolters","2018"
"cooleja01","Jack Cooley","2018"
"bolomjo01","Joel Bolomboy","2018"
"hasleud01","Udonis Haslem","2018"
"wilsoja02","Jamil Wilson","2018"
"lydonty01","Tyler Lydon","2018"
"pulleja01","Jacob Pullen","2018"
"hollajo02","John Holland","2018"
"weberbr01","Briante Weber","2018"
"asikom01","Omer Asik","2018"
"plumlmi01","Miles Plumlee","2018"
"parketo01","Tony Parker","2018"
"noahjo01","Joakim Noah","2018"
"craigto01","Torrey Craig","2018"
"simmoko01","Kobi Simmons","2018"
"huntevi01","Vince Hunter","2018"
"mirotni01","Nikola Mirotic","2018"
"houseda01","Danuel House","2018"
"allenka01","Kadeem Allen","2018"
"leonaka01","Kawhi Leonard","2018"
"morrimo01","Monte Morris","2018"
"perralo01","London Perrantes","2018"
"paynead01","Adreian Payne","2018"
"artisja01","Jamel Artis","2018"
"motlejo01","Johnathan Motley","2018"
"colliky01","Kyle Collinsworth","2018"
"jonesda03","Damian Jones","2018"
"millema01","Malcolm Miller","2018"
"bryanth01","Thomas Bryant","2018"
"willima05","Matt Williams","2018"
"mitrona01","Naz Mitrou-Long","2018"
"doylemi01","Milton Doyle","2018"
"buyckdw01","Dwight Buycks","2018"
"greenge01","Gerald Green","2018"
"montelu01","Luis Montero","2018"
"thomais02","Isaiah Thomas","2018"
"wallaty01","Tyrone Wallace","2018"
"mcrobjo01","Josh McRoberts","2018"
"lavinza01","Zach LaVine","2018"
"reedda01","Davon Reed","2018"
"burketr01","Trey Burke","2018"
"hunterj01","R.J. Hunter","2018"
"plumlma02","Marshall Plumlee","2018"
"youngja01","James Young","2018"
"munfoxa02","Xavier Munford","2018"
"henrymy01","Myke Henry","2018"
"hayesni01","Nigel Hayes","2018"
"eddieja01","Jarell Eddie","2018"
"moorebe01","Ben Moore","2018"
"drewla02","Larry Drew","2018"
"webbja01","James Webb","2018"
"niangge01","Georges Niang","2018"
"parkeja01","Jabari Parker","2018"
"grayjo01","Josh Gray","2018"
"brownma02","Markel Brown","2018"
"okafoem01","Emeka Okafor","2018"
"hearnre01","Reggie Hearn","2018"
"mccreer01","Erik McCree","2018"
"kornelu01","Luke Kornet","2018"
"hicksis01","Isaiah Hicks","2018"
"doziepj01","PJ Dozier","2018"
"whitean01","Andrew White","2018"
"payneca01","Cameron Payne","2018"
"harrish01","Shaquille Harrison","2018"
"robingl02","Glenn Robinson","2018"
"mckintr01","Trey McKinney-Jones","2018"
"lemonwa01","Walt Lemon","2018"
"mcgruro01","Rodney McGruder","2018"
"morrija01","Jaylen Morris","2018"
"weartr01","Travis Wear","2018"
"hopsosc01","Scotty Hopson","2018"
"rathaxa01","Xavier Rathan-Mayes","2018"
"baldwwa01","Wade Baldwin","2018"
"purviro01","Rodney Purvis","2018"
"warneja01","Jameel Warney","2018"
"willide02","Derrick Williams","2018"
"jennibr01","Brandon Jennings","2018"
"leeda03","Damion Lee","2018"
"bouchch01","Chris Boucher","2018"
"exumda01","Dante Exum","2018"
"hillso01","Solomon Hill","2018"
"harriaa01","Aaron Harrison","2018"
"stockda01","David Stockton","2018"
"willial03","Alan Williams","2018"
"brookma01","MarShon Brooks","2018"
"teaguma01","Marquis Teague","2018"
"silasxa01","Xavier Silas","2018"
"brownan02","Anthony Brown","2018"
"pattoju01","Justin Patton","2018"
"quartti01","Tim Quarterman","2018"
"evansje01","Jeremy Evans","2018"
"gibsojo01","Jonathan Gibson","2018"
"johnsom01","Omari Johnson","2018"
"ingraan01","Andre Ingram","2018"
"sumneed01","Edmond Sumner","2018"
"perkike01","Kendrick Perkins","2018"
"robinde01","Devin Robinson","2018"
"jacksaa01","Aaron Jackson","2018"
"onuakch01","Chinanu Onuaku","2018"
"lawsoty01","Ty Lawson","2018"
"curryst01","Stephen Curry","2019"
"simmobe01","Ben Simmons","2019"
"duranke01","Kevin Durant","2019"
"tatumja01","Jayson Tatum","2019"
"schrode01","Dennis Schroder","2019"
"adamsst01","Steven Adams","2019"
"georgpa01","Paul George","2019"
"morrima03","Marcus Morris","2019"
"embiijo01","Joel Embiid","2019"
"looneke01","Kevon Looney","2019"
"jonesda03","Damian Jones","2019"
"roziete01","Terry Rozier","2019"
"haywago01","Gordon Hayward","2019"
"redicjj01","J.J. Redick","2019"
"horfoal01","Al Horford","2019"
"baynear01","Aron Baynes","2019"
"grantje01","Jerami Grant","2019"
"noelne01","Nerlens Noel","2019"
"johnsam01","Amir Johnson","2019"
"livinsh01","Shaun Livingston","2019"
"brownja02","Jaylen Brown","2019"
"smartma01","Marcus Smart","2019"
"covinro01","Robert Covington","2019"
"pattepa01","Patrick Patterson","2019"
"abrinal01","Alex Abrines","2019"
"iguodan01","Andre Iguodala","2019"
"diallha01","Hamidou Diallo","2019"
"mccontj01","T.J. McConnell","2019"
"feltora01","Raymond Felton","2019"
"wanambr01","Brad Wanamaker","2019"
"greendr01","Draymond Green","2019"
"belljo01","Jordan Bell","2019"
"cookqu01","Quinn Cook","2019"
"irvinky01","Kyrie Irving","2019"
"fultzma01","Markelle Fultz","2019"
"thompkl01","Klay Thompson","2019"
"ojelese01","Semi Ojeleye","2019"
"boldejo01","Jonah Bolden","2019"
"korkmfu01","Furkan Korkmaz","2019"
"yabusgu01","Guerschon Yabusele","2019"
"theisda01","Daniel Theis","2019"
"mckinal01","Alfonzo McKinnie","2019"
"fergute01","Terrance Ferguson","2019"
"jerebjo01","Jonas Jerebko","2019"
"saricda01","Dario Saric","2019"
"shamela01","Landry Shamet","2019"
"davisan02","Anthony Davis","2019"
"walkeke02","Kemba Walker","2019"
"bookede01","Devin Booker","2019"
"hardati02","Tim Hardaway","2019"
"mirotni01","Nikola Mirotic","2019"
"lowryky01","Kyle Lowry","2019"
"teaguje01","Jeff Teague","2019"
"arizatr01","Trevor Ariza","2019"
"griffbl01","Blake Griffin","2019"
"caulewi01","Willie Cauley-Stein","2019"
"aytonde01","Deandre Ayton","2019"
"randlju01","Julius Randle","2019"
"leverca01","Caris LeVert","2019"
"goberru01","Rudy Gobert","2019"
"inglejo01","Joe Ingles","2019"
"jokicni01","Nikola Jokic","2019"
"hardeja01","James Harden","2019"
"gordoaa01","Aaron Gordon","2019"
"dragigo01","Goran Dragic","2019"
"drumman01","Andre Drummond","2019"
"butleji01","Jimmy Butler","2019"
"paulch01","Chris Paul","2019"
"kanteen01","Enes Kanter","2019"
"middlkh01","Khris Middleton","2019"
"bjeline01","Nemanja Bjelica","2019"
"osmande01","Cedi Osman","2019"
"aldrila01","LaMarcus Aldridge","2019"
"vonleno01","Noah Vonleh","2019"
"foxde01","De'Aaron Fox","2019"
"mooreet01","E'Twaun Moore","2019"
"favorde01","Derrick Favors","2019"
"dinwisp01","Spencer Dinwiddie","2019"
"gordoer01","Eric Gordon","2019"
"poweldw01","Dwight Powell","2019"
"derozde01","DeMar DeRozan","2019"
"tuckepj01","P.J. Tucker","2019"
"allenja01","Jarrett Allen","2019"
"antetgi01","Giannis Antetokounmpo","2019"
"marjabo01","Boban Marjanovic","2019"
"bartowi01","Will Barton","2019"
"harrito02","Tobias Harris","2019"
"bogdabo02","Bojan Bogdanovic","2019"
"gayru01","Rudy Gay","2019"
"monkma01","Malik Monk","2019"
"leonaka01","Kawhi Leonard","2019"
"bambamo01","Mohamed Bamba","2019"
"harriga01","Gary Harris","2019"
"burksal01","Alec Burks","2019"
"gasolma01","Marc Gasol","2019"
"jacksjo02","Josh Jackson","2019"
"matthwe02","Wesley Matthews","2019"
"hillge01","George Hill","2019"
"jacksja02","Jaren Jackson","2019"
"dienggo01","Gorgui Dieng","2019"
"sabondo01","Domantas Sabonis","2019"
"jordade01","DeAndre Jordan","2019"
"wiggian01","Andrew Wiggins","2019"
"bledser01","Eric Bledsoe","2019"
"bareajo01","J.J. Barea","2019"
"siakapa01","Pascal Siakam","2019"
"princta02","Taurean Waller-Prince","2019"
"evansty01","Tyreke Evans","2019"
"finnedo01","Dorian Finney-Smith","2019"
"paytoel01","Elfrid Payton","2019"
"ilyaser01","Ersan Ilyasova","2019"
"josepco01","Cory Joseph","2019"
"oladivi01","Victor Oladipo","2019"
"whiteha01","Hassan Whiteside","2019"
"richajo01","Josh Richardson","2019"
"burketr01","Trey Burke","2019"
"gilgesh01","Shai Gilgeous-Alexander","2019"
"greenda02","Danny Green","2019"
"mitchdo01","Donovan Mitchell","2019"
"trieral01","Allonzo Trier","2019"
"crowdja01","Jae Crowder","2019"
"greenja01","JaMychal Green","2019"
"jacksre01","Reggie Jackson","2019"
"millspa01","Paul Millsap","2019"
"bazemke01","Kent Bazemore","2019"
"exumda01","Dante Exum","2019"
"lopezbr01","Brook Lopez","2019"
"warretj01","T.J. Warren","2019"
"willilo02","Lou Williams","2019"
"youngth01","Thaddeus Young","2019"
"bertada01","Davis Bertans","2019"
"harrijo01","Joe Harris","2019"
"turnemy01","Myles Turner","2019"
"davised01","Ed Davis","2019"
"gallida01","Danilo Gallinari","2019"
"mcderdo01","Doug McDermott","2019"
"kiddgmi01","Michael Kidd-Gilchrist","2019"
"gasolpa01","Pau Gasol","2019"
"hernaju01","Juan Hernangomez","2019"
"belinma01","Marco Belinelli","2019"
"loveke01","Kevin Love","2019"
"spellom01","Omari Spellman","2019"
"augusdj01","D.J. Augustin","2019"
"holidjr01","Jrue Holiday","2019"
"hieldbu01","Buddy Hield","2019"
"smithde03","Dennis Smith","2019"
"ferreyo01","Yogi Ferrell","2019"
"lylestr01","Trey Lyles","2019"
"adebaba01","Bam Adebayo","2019"
"valanjo01","Jonas Valanciunas","2019"
"vanvlfr01","Fred VanVleet","2019"
"conlemi01","Mike Conley","2019"
"simmojo02","Jonathon Simmons","2019"
"clarkjo01","Jordan Clarkson","2019"
"pachuza01","Zaza Pachulia","2019"
"parketo01","Tony Parker","2019"
"vucevni01","Nikola Vucevic","2019"
"hezonma01","Mario Hezonja","2019"
"divindo01","Donte DiVincenzo","2019"
"morrimo01","Monte Morris","2019"
"hernawi01","Willy Hernangomez","2019"
"hoodro01","Rodney Hood","2019"
"canaais01","Isaiah Canaan","2019"
"forbebr01","Bryn Forbes","2019"
"klebima01","Maxi Kleber","2019"
"brogdma01","Malcolm Brogdon","2019"
"lambje01","Jeremy Lamb","2019"
"linje01","Jeremy Lin","2019"
"capelca01","Clint Capela","2019"
"ibakase01","Serge Ibaka","2019"
"zelleco01","Cody Zeller","2019"
"batumni01","Nicolas Batum","2019"
"fournev01","Evan Fournier","2019"
"gortama01","Marcin Gortat","2019"
"plumlmi01","Miles Plumlee","2019"
"gibsota01","Taj Gibson","2019"
"youngtr01","Trae Young","2019"
"zizican01","Ante Zizic","2019"
"ntilila01","Frank Ntilikina","2019"
"kennalu01","Luke Kennard","2019"
"russeda01","D'Angelo Russell","2019"
"jacksju01","Justin Jackson","2019"
"poeltja01","Jakob Poeltl","2019"
"gallola01","Langston Galloway","2019"
"willima02","Marvin Williams","2019"
"smithis01","Ish Smith","2019"
"townska01","Karl-Anthony Towns","2019"
"rosste01","Terrence Ross","2019"
"oquinky01","Kyle O'Quinn","2019"
"cartemi01","Michael Carter-Williams","2019"
"ennisja01","James Ennis","2019"
"grantje02","Jerian Grant","2019"
"isaacjo01","Jonathan Isaac","2019"
"baglema01","Marvin Bagley","2019"
"anderry01","Ryan Anderson","2019"
"brookma01","MarShon Brooks","2019"
"dekkesa01","Sam Dekker","2019"
"harremo01","Montrezl Harrell","2019"
"templga01","Garrett Temple","2019"
"cartevi01","Vince Carter","2019"
"johnsty01","Tyler Johnson","2019"
"seldewa01","Wayne Selden","2019"
"bradlav01","Avery Bradley","2019"
"mcgruro01","Rodney McGruder","2019"
"murraja01","Jamal Murray","2019"
"robingl02","Glenn Robinson","2019"
"bembrde01","DeAndre' Bembry","2019"
"hensojo01","John Henson","2019"
"lenal01","Alex Len","2019"
"woodch01","Christian Wood","2019"
"rosede01","Derrick Rose","2019"
"wadedw01","Dwyane Wade","2019"
"anunoog01","OG Anunoby","2019"
"powelno01","Norman Powell","2019"
"masonfr01","Frank Mason","2019"
"poythal01","Alex Poythress","2019"
"brunsja01","Jalen Brunson","2019"
"dudleja01","Jared Dudley","2019"
"hillso01","Solomon Hill","2019"
"dorsety01","Tyler Dorsey","2019"
"parsoch01","Chandler Parsons","2019"
"robinmi01","Mitchell Robinson","2019"
"korveky01","Kyle Korver","2019"
"millspa02","Patty Mills","2019"
"bakerro01","Ron Baker","2019"
"broekry01","Ryan Broekhoff","2019"
"plumlma01","Mason Plumlee","2019"
"thomptr01","Tristan Thompson","2019"
"beaslma01","Malik Beasley","2019"
"kurucro01","Rodions Kurucs","2019"
"anthoca01","Carmelo Anthony","2019"
"shumpim01","Iman Shumpert","2019"
"sumneed01","Edmond Sumner","2019"
"chandty01","Tyson Chandler","2019"
"okoboel01","Elie Okobo","2019"
"tollian01","Anthony Tolliver","2019"
"doncilu01","Luka Doncic","2019"
"danietr01","Troy Daniels","2019"
"diallch01","Cheick Diallo","2019"
"holidaa01","Aaron Holiday","2019"
"huertke01","Kevin Huerter","2019"
"sextoco01","Collin Sexton","2019"
"adamsja01","Jaylen Adams","2019"
"brownlo01","Lorenzo Brown","2019"
"jonesde02","Derrick Jones","2019"
"snellto01","Tony Snell","2019"
"olynyke01","Kelly Olynyk","2019"
"thomala01","Lance Thomas","2019"
"bridgmi01","Mikal Bridges","2019"
"brownst02","Sterling Brown","2019"
"clarkga01","Gary Clark","2019"
"harteis01","Isaiah Hartenstein","2019"
"hollajo02","John Holland","2019"
"jacksfr01","Frank Jackson","2019"
"leaftj01","T.J. Leaf","2019"
"niangge01","Georges Niang","2019"
"nwabada01","David Nwaba","2019"
"richama01","Malachi Richardson","2019"
"spaldra01","Ray Spalding","2019"
"welshth01","Thomas Welsh","2019"
"willike04","Kenrich Williams","2019"
"anderky01","Kyle Anderson","2019"
"macksh01","Shelvin Mack","2019"
"milescj01","C.J. Miles","2019"
"jonesty01","Tyus Jones","2019"
"knoxke01","Kevin Knox","2019"
"gilesha01","Harry Giles","2019"
"rubiori01","Ricky Rubio","2019"
"harride01","Devin Harris","2019"
"loftoza01","Zach Lofton","2019"
"scottmi01","Mike Scott","2019"
"bridgmi02","Miles Bridges","2019"
"greenge01","Gerald Green","2019"
"grahatr01","Treveon Graham","2019"
"cunnida01","Dante Cunningham","2019"
"okafoja01","Jahlil Okafor","2019"
"brookdi01","Dillon Brooks","2019"
"onealro01","Royce O'Neale","2019"
"mbahalu01","Luc Mbah a Moute","2019"
"beverpa01","Patrick Beverley","2019"
"milleda01","Darius Miller","2019"
"brownbr01","Bruce Brown","2019"
"collida01","Darren Collison","2019"
"walljo01","John Wall","2019"
"stausni01","Nik Stauskas","2019"
"lillada01","Damian Lillard","2019"
"jamesle01","LeBron James","2019"
"lavinza01","Zach LaVine","2019"
"portibo01","Bobby Portis","2019"
"mcgeeja01","JaVale McGee","2019"
"hartjo01","Josh Hart","2019"
"porteot01","Otto Porter","2019"
"arcidry01","Ryan Arcidiacono","2019"
"turneev01","Evan Turner","2019"
"nurkiju01","Jusuf Nurkic","2019"
"greenje02","Jeff Green","2019"
"ingrabr01","Brandon Ingram","2019"
"rondora01","Rajon Rondo","2019"
"bealbr01","Bradley Beal","2019"
"mccolcj01","CJ McCollum","2019"
"colliza01","Zach Collins","2019"
"harklma01","Maurice Harkless","2019"
"parkeja01","Jabari Parker","2019"
"blakean01","Antonio Blakeney","2019"
"kuzmaky01","Kyle Kuzma","2019"
"riverau01","Austin Rivers","2019"
"morrima02","Markieff Morris","2019"
"oubreke01","Kelly Oubre","2019"
"satorto01","Tomas Satoransky","2019"
"balllo01","Lonzo Ball","2019"
"holidju01","Justin Holiday","2019"
"cartewe01","Wendell Carter","2019"
"leoname01","Meyers Leonard","2019"
"caldwke01","Kentavious Caldwell-Pope","2019"
"mahinia01","Ian Mahinmi","2019"
"curryse01","Seth Curry","2019"
"lopezro01","Robin Lopez","2019"
"smithja02","Jason Smith","2019"
"laymaja01","Jake Layman","2019"
"stephla01","Lance Stephenson","2019"
"payneca01","Cameron Payne","2019"
"beaslmi01","Michael Beasley","2019"
"mcraejo01","Jordan McRae","2019"
"ulisty01","Tyler Ulis","2019"
"hutchch01","Chandler Hutchison","2019"
"aminual01","Al-Farouq Aminu","2019"
"briscis01","Isaiah Briscoe","2019"
"clarkia01","Ian Clark","2019"
"casspom01","Omri Casspi","2019"
"iwundwe01","Wesley Iwundu","2019"
"martija01","Jarell Martin","2019"
"bacondw01","Dwayne Bacon","2019"
"johnsal02","Alize Johnson","2019"
"biyombi01","Bismack Biyombo","2019"
"mclembe01","Ben McLemore","2019"
"labissk01","Skal Labissiere","2019"
"crabbal01","Allen Crabbe","2019"
"burtode02","Deonte Burton","2019"
"fraziti01","Tim Frazier","2019"
"udohek01","Ekpe Udoh","2019"
"kaminfr01","Frank Kaminsky","2019"
"birchkh01","Khem Birch","2019"
"dellama01","Matthew Dellavedova","2019"
"connapa01","Pat Connaughton","2019"
"smithjr01","J.R. Smith","2019"
"dotsoda01","Damyean Dotson","2019"
"bullore01","Reggie Bullock","2019"
"farieke01","Kenneth Faried","2019"
"johnsst04","Stanley Johnson","2019"
"crawfja01","Jamal Crawford","2019"
"metuch01","Chimezie Metu","2019"
"musadz01","Dzanan Musa","2019"
"okogijo01","Josh Okogie","2019"
"pinsoth01","Theo Pinson","2019"
"eubandr01","Drew Eubanks","2019"
"pondequ01","Quincy Pondexter","2019"
"lydonty01","Tyler Lydon","2019"
"swanica01","Caleb Swanigan","2019"
"holmeri01","Richaun Holmes","2019"
"caldejo01","Jose Calderon","2019"
"anigbik01","Ike Anigbogu","2019"
"bendedr01","Dragan Bender","2019"
"craigto01","Torrey Craig","2019"
"baldwwa01","Wade Baldwin","2019"
"willicj01","C.J. Williams","2019"
"westbru01","Russell Westbrook","2019"
"nancela02","Larry Nance","2019"
"willijo04","Johnathan Williams","2019"
"allengr01","Grayson Allen","2019"
"monrogr01","Greg Monroe","2019"
"evansja02","Jacob Evans","2019"
"dunnkr01","Kris Dunn","2019"
"grahade01","Devonte' Graham","2019"
"meltode01","De'Anthony Melton","2019"
"williro04","Robert Williams","2019"
"mykhasv01","Sviatoslav Mykhailiuk","2019"
"zubaciv01","Ivica Zubac","2019"
"leeda03","Damion Lee","2019"
"muscami01","Mike Muscala","2019"
"wallaty01","Tyrone Wallace","2019"
"akoonde01","DeVaughn Akoon-Purcell","2019"
"feliccr01","Cristiano Felicio","2019"
"napiesh01","Shabazz Napier","2019"
"bryanth01","Thomas Bryant","2019"
"holliro01","Rondae Hollis-Jefferson","2019"
"robindu01","Duncan Robinson","2019"
"dedmode01","Dewayne Dedmon","2019"
"browntr01","Troy Brown","2019"
"wrighde01","Delon Wright","2019"
"kornelu01","Luke Kornet","2019"
"hasleud01","Udonis Haslem","2019"
"fryech01","Channing Frye","2019"
"teodomi01","Milos Teodosic","2019"
"harrish01","Shaquille Harrison","2019"
"nunnaja01","James Nunnally","2019"
"makerth01","Thon Maker","2019"
"barneha02","Harrison Barnes","2019"
"willitr02","Troy Williams","2019"
"denglu01","Luol Deng","2019"
"johnswe01","Wesley Johnson","2019"
"robinje01","Jerome Robinson","2019"
"maconda01","Daryl Macon","2019"
"bateske01","Keita Bates-Diop","2019"
"winslju01","Justise Winslow","2019"
"ellenhe01","Henry Ellenson","2019"
"leuerjo01","Jon Leuer","2019"
"watanyu01","Yuta Watanabe","2019"
"rabbiv01","Ivan Rabb","2019"
"harrian01","Andrew Harrison","2019"
"naderab01","Abdel Nader","2019"
"luwawti01","Timothe Luwawu-Cabarrot","2019"
"koufoko01","Kosta Koufos","2019"
"bouchch01","Chris Boucher","2019"
"loydjo01","Jordan Loyd","2019"
"mudiaem01","Emmanuel Mudiay","2019"
"qizh01","Zhou Qi","2019"
"chrisma01","Marquese Chriss","2019"
"simonan01","Anfernee Simons","2019"
"howardw01","Dwight Howard","2019"
"frazime01","Melvin Frazier","2019"
"ellinwa01","Wayne Ellington","2019"
"chandwi01","Wilson Chandler","2019"
"sefolth01","Thabo Sefolosha","2019"
"terreja01","Jared Terrell","2019"
"trentga02","Gary Trent","2019"
"mitrona01","Naz Mitrou-Long","2019"
"mejrisa01","Salah Mejri","2019"
"bogdabo01","Bogdan Bogdanovic","2019"
"whitede01","Derrick White","2019"
"carrode01","DeMarre Carroll","2019"
"thomakh01","Khyri Thomas","2019"
"derrima01","Marcus Derrickson","2019"
"thornsi01","Sindarius Thornwell","2019"
"edwarvi01","Vince Edwards","2019"
"hamilda02","Daniel Hamilton","2019"
"morrija01","Jaylen Morris","2019"
"collijo01","John Collins","2019"
"wagnemo01","Moritz Wagner","2019"
"johnsja01","James Johnson","2019"
"netora01","Raul Neto","2019"
"reedda01","Davon Reed","2019"
"anderju01","Justin Anderson","2019"
"whiteok01","Okaro White","2019"
"houseda01","Danuel House","2019"
"robinde01","Devin Robinson","2019"
"jacksde01","Demetrius Jackson","2019"
"davisty01","Tyler Davis","2019"
"doziepj01","PJ Dozier","2019"
"miltosh01","Shake Milton","2019"
"hilarne01","Nene Hilario","2019"
"markkla01","Lauri Markkanen","2019"
"leeco01","Courtney Lee","2019"
"jonesja04","Jalen Jones","2019"
"wilsodj01","D.J. Wilson","2019"
"noahjo01","Joakim Noah","2019"
"blossja01","Jaron Blossomgame","2019"
"bongais01","Isaac Bonga","2019"
"stephdj01","D.J. Stephens","2019"
"evansja01","Jawun Evans","2019"
"kingge03","George King","2019"
"nowitdi01","Dirk Nowitzki","2019"
"knighbr03","Brandon Knight","2019"
"youngni01","Nick Young","2019"
"carteje01","Jevon Carter","2019"
"alkinra01","Rawle Alkins","2019"
"randlch01","Chasson Randle","2019"
"goodwbr01","Brandon Goodwin","2019"
"bayleje01","Jerryd Bayless","2019"
"carusal01","Alex Caruso","2019"
"bradlto01","Tony Bradley","2019"
"caupatr01","Troy Caupain","2019"
"jeffeam01","Amile Jefferson","2019"
"moreler01","Eric Moreland","2019"
"waitedi01","Dion Waiters","2019"
"mccawpa01","Patrick McCaw","2019"
"macurjp01","J.P. Macura","2019"
"walkelo01","Lonnie Walker","2019"
"motlejo01","Johnathan Motley","2019"
"cavanty01","Tyler Cavanaugh","2019"
"highsha01","Haywood Highsmith","2019"
"acyqu01","Quincy Acy","2019"
"willial03","Alan Williams","2019"
"breweco01","Corey Brewer","2019"
"couside01","DeMarcus Cousins","2019"
"adelde01","Deng Adel","2019"
"lucaska01","Kalin Lucas","2019"
"paytoga02","Gary Payton","2019"
"washbju01","Julian Washburn","2019"
"vandeja01","Jarred Vanderbilt","2019"
"creekmi01","Mitch Creek","2019"
"cabocbr01","Bruno Caboclo","2019"
"terryem01","Emanuel Terry","2019"
"allenka01","Kadeem Allen","2019"
"sampsbr01","Brandon Sampson","2019"
"chealjo01","Joe Chealey","2019"
"jenkijo01","John Jenkins","2019"
"simmoko01","Kobi Simmons","2019"
"delgaan01","Angel Delgado","2019"
"grantdo01","Donte Grantham","2019"
"duvaltr01","Trevon Duval","2019"
"hicksis01","Isaiah Hicks","2019"
"thomais02","Isaiah Thomas","2019"
"meeksjo01","Jodie Meeks","2019"
"colsobo01","Bonzie Colson","2019"
"millema01","Malcolm Miller","2019"
"siberjo01","Jordan Sibert","2019"
"mccalta01","Tahjere McCall","2019"
"joneste01","Terrence Jones","2019"
"johnsbj01","B.J. Johnson","2019"
"reynoca01","Cameron Reynolds","2019"
"pattoju01","Justin Patton","2019"
"zellety01","Tyler Zeller","2019"
"bertada02","Dairis Bertans","2019"
"ingraan01","Andre Ingram","2019"
"bogutan01","Andrew Bogut","2019"
"davisde01","Deyonta Davis","2019"
"antetko01","Kostas Antetokounmpo","2019"
"fredeji01","Jimmer Fredette","2019"
"chiozch01","Chris Chiozza","2019"
"machasc01","Scott Machado","2019"
"smithzh01","Zhaire Smith","2019"
"lemonwa01","Walt Lemon","2019"
"jonesje01","Jemerrio Jones","2019"
"hannadu01","Dusty Hannahs","2019"
"sampsja02","JaKarr Sampson","2019"
"humphis01","Isaac Humphries","2019"
"garrebi01","Billy Garrett","2019"
"motiedo01","Donatas Motiejunas","2019"
"hunterj01","R.J. Hunter","2019"
"matenya01","Yante Maten","2019"
